Workbook
Name AllUnits: LISTS!#REF!
Name FunderList: OFFSET(LISTS!$W$2,0,0,COUNTA(LISTS!$W$2:$W$255),1)
Name LookupDeptByUnit: LISTS!#REF!
Name ResponsibleList: OFFSET(LISTS!$T$2,0,0,COUNTA(LISTS!$T$2:$T$255),1)
Name rng_Alert: DATA!$AJ$2:$AJ$476
Name rng_Dept: DATA!$I$2:$I$476
Name rng_KPI: DATA!$AG$2:$AG$476
Name rng_Monitor: DATA!$AI$2:$AI$476

Sheet LISTS
A1: المركز الرئيسي | B1: الدائرة | C1: الجهة | Q1: نوع النشاط | S1: المراقب | T1: المسؤول عن النشاط | U1: اسم المشروع | V1: رقم المشروع | W1: * الممول | Y1: الجمعية | Z1: المراكز الصحية | AB1: سكرتاريا | AC1: دائرة الشؤون الإدارية | AD1: دائرة التنمية الاجتماعية | AE1: دائرة المشاريع والتسويق والإعلام | AF1: دائرة الشؤون المالية | AG1: دائرة الاستثمار الخيري | AH1: يافا | AI1: الكويتي | AJ1: الوسطى | AL1: تسمية التنفيذ | AM1: قيمة التنفيذ | AO1: تسمية الجودة | AP1: قيمة الجودة | AR1: تسمية الإغلاق | AS1: قيمة الإغلاق | AU1: تسمية الخصم | AV1: قيمة الخصم
A2: {=_xlfn.LET( _xlpm.hdr, AB1:AJ1, _xlpm.body, AB2:AJ30, _xlpm.res, _xlfn.DROP(_xlfn.REDUCE("",_xlfn.SEQUENCE(COLUMNS(_xlpm.hdr)), _xlfn.LAMBDA(_xlpm.acc,_xlpm.i, _xlfn.LET( _xlpm.d, INDEX(_xlpm.hdr,1,_xlpm.i), _xlpm.units, _xlfn._xlws.FILTER(INDEX(_xlpm.body,0,_xlpm.i), INDEX(_xlpm.body,0,_xlpm.i)<>""," "), _xlpm.ctr, IF(ISNUMBER(MATCH(_xlpm.d,$Y$2:$Y$8,0)), $Y$1, $Z$1), IF(_xlpm.d="", _xlpm.acc, _xlfn.VSTACK(_xlpm.acc, _xlfn.HSTACK(IF(_xlpm.units="",_xlpm.ctr,_xlpm.ctr), IF(_xlpm.units="",_xlpm.d,_xlpm.d), _xlpm.units))) ) )),1), _xlpm.res )} -> الجمعية | B2: سكرتاريا | C2: سكرتير المجلس | Q2: تفتيش ميداني | S2: سمير نصار | T2: جهاد محمد محروس ابو الريش | U2: الرغيف الخيري | V2: سكودا فابيا | W2: مؤسسة المناصرة الأردنية | Y2: سكرتاريا | Z2: يافا | AB2: سكرتير المجلس | AC2: قسم شؤون الموظفين | AD2: قسم الأيتام والأسر | AE2: مكتب خانيونس | AF2: قسم الحسابات | AG2: قسم التعليم | AH2: عيادة مسالك بولية | AI2: قسم البانوراما | AJ2: عيادة الاسنان- رجال | AL2: ممتاز 100% | AM2: 100 | AO2: ممتاز 100% | AP2: 100 | AR2: مكتمل 100% | AS2: 100 | AU2: لا خصم 0 | AV2: 0
A3: الجمعية | B3: سكرتاريا | C3: سكرتير | Q3: جودة خدمة | S3: اياد أبو عبدو | T3: محمود سالم هزاع القريناوي | U3: متابعة السيارات | V3: باص تيوتا | W3: مؤسسة أحباء غزة ماليزيا | Y3: دائرة الشؤون الإدارية | Z3: الكويتي | AB3: سكرتير | AC3: قسم تنمية الموارد البشرية | AD3: المدارس | AE3: مكتب رفح | AF3: قسم المشتريات | AG3: قسم الزراعة | AH3: عيادة فحص السمع | AI3: قسم الايكو اطفال | AJ3: عيادة عظام | AL3: مقبول 60% | AM3: 60 | AO3: جيد 85% | AP3: 85 | AR3: معلق 30% | AS3: 30 | AU3: مخالفة −25 | AV3: 25
A4: الجمعية | B4: دائرة الشؤون الإدارية | C4: قسم شؤون الموظفين | Q4: فحص سلامة | S4: محمد حسن | T4: بسام محمد حميدان الخطيب | U4: كسوة صيفية | V4: كرافتر 1 | W4: أوردا H.H | Y4: دائرة التنمية الاجتماعية | Z4: الوسطى | AC4: قسم الحاسوب والشبكات | AE4: مكتب دير البلح | AF4: قسم المخازن | AG4: قسم المشاريع التنموية | AH4: عيادة النطق | AI4: قسم الايكو Echo | AJ4: عيادة طب العيون | AL4: جيد 80% | AM4: 80 | AO4: مقبول 70% | AP4: 70 | AR4: جزئي 60% | AS4: 60 | AU4: امتثال −20 | AV4: 20
A5: الجمعية | B5: دائرة الشؤون الإدارية | C5: قسم تنمية الموارد البشرية | Q5: فحص مخزون | T5: طارق حسن ع.القادر قنديل | U5: توزيع أدوات منزلية | V5: سكودا اسود | W5: Cousins/London | Y5: دائرة المشاريع والتسويق والإعلام | AC5: قسم الصيانة العامة | AE5: مكتب المغازي | AF5: قسم الموازنة والتدقيق | AG5: مطبخ البركة | AH5: عيادة النساء | AI5: قسم الألتراساوند US | AJ5: عيادة طب اسرة | AL5: خطر 40% | AM5: 40 | AO5: ضعيف 50% | AP5: 50 | AR5: مفتوح 0% | AS5: 0 | AU5: عجز −10 | AV5: 10
A6: الجمعية | B6: دائرة الشؤون الإدارية | C6: قسم الحاسوب والشبكات | Q6: متابعة شكاوى | T6: جيهان سليمان ابراهيم برهوم | U6: حفر بئر مياه | V6: باص كرافتر 2 | W6: G2G | Y6: دائرة الشؤون المالية | AC6: قسم الخدمات | AE6: مكتب الزوايدة | AG6: مطبخ الزيناتي / خارجي | AH6: عيادة الاوعية الدموية | AI6: قسم الأشعة المقطعية CT | AJ6: عيادة جلدية | AU6: تأخير −5 | AV6: 5
A7: الجمعية | B7: دائرة الشؤون الإدارية | C7: قسم الصيانة العامة | Q7: مراجعة إجراءات | T7: سمية عطا خليل أبو معروف | U7: مشروع صحي | V7: شحن مرسيدس 418 | W7: HANA IMAN | Y7: دائرة الاستثمار الخيري | AE7: مكتب البريج | AG7: عمارة سعد | AH7: عيادة الاسنان- رجال | AI7: قسم اشعة | AJ7: عيادة جراحة واعصاب | AU7: جودة −15 | AV7: 15
A8: الجمعية | B8: دائرة الشؤون الإدارية | C8: قسم الخدمات | Q8: جرد مفاجئ | T8: عماد عبد المنعم خليل نطط | U8: احذية أطفال | V8: عمارة سعد | W8: SOUTHHALL FAMILY | AE8: مكتب غزة | AG8: عمارة المدينة | AH8: عيادة اسنان -نساء | AJ8: بانوراما اشعة
A9: الجمعية | B9: دائرة التنمية الاجتماعية | C9: قسم الأيتام والأسر | Q9: مراجعة عقود | T9: هديل سعيد احمد نصار | U9: ادوية طبية | V9: نشاط مكتب | W9: VIP | AE9: مكتب جباليا | AH9: عيادة عظام | AJ9: عيادة باطنة
A10: الجمعية | B10: دائرة التنمية الاجتماعية | C10: المدارس | Q10: تدقيق مالي | T10: باسم ديب عبد الله المبحوح | U10: اغاثة أسرة | V10: شكوى | W10: الاقصى اليمن | AE10: قسم المشاريع | AH10: عيادة طب العيون | AJ10: المختبر
A11: الجمعية | B11: دائرة المشاريع والتسويق والإعلام | C11: مكتب خانيونس | Q11: متابعة حضور | T11: سالم احمد حسين البحيصي | U11: افطار صائم | W11: الإنتربال | AE11: قسم التسويق | AH11: عيادة جلدية | AJ11: عيادة العلاج الطبيعي
A12: الجمعية | B12: دائرة المشاريع والتسويق والإعلام | C12: مكتب رفح | T12: مؤمنة نعيم علي الطويل | U12: امانات | W12: الإنتربال | AE12: قسم الإعلام | AH12: عيادة جراحة واعصاب | AJ12: الصيدلية
A13: الجمعية | B13: دائرة المشاريع والتسويق والإعلام | C13: مكتب دير البلح | T13: خلود تيسير محمود الجوراني | U13: إنشاء مصلى | W13: الإيسيكو | AE13: متابعة السيارات | AH13: عيادة جراحة عامة | AJ13: عيادة اذن وانف حنجرة
A14: الجمعية | B14: دائرة المشاريع والتسويق والإعلام | C14: مكتب المغازي | T14: سعيد فرج محمد أبو جزر | U14: بسطة سكاكر وحلوى | W14: الدولي | AH14: عيادة بصريات
A15: الجمعية | B15: دائرة المشاريع والتسويق والإعلام | C15: مكتب الزوايدة | T15: سمير نصار | U15: بسكويت | W15: السيدة / Farida Umar
A16: الجمعية | B16: دائرة المشاريع والتسويق والإعلام | C16: مكتب البريج | T16: عبد القادر صلاح الدين علي ابو جلهوم | U16: بكج هدايا | W16: المناصرة - اسبانيا | AH16: المختبر
A17: الجمعية | B17: دائرة المشاريع والتسويق والإعلام | C17: مكتب غزة | T17: محمد إبراهيم عودة بدوان | U17: ترميم منزل | W17: المناصرة الأردنية | AH17: عيادة العمليات
A18: الجمعية | B18: دائرة المشاريع والتسويق والإعلام | C18: مكتب جباليا | T18: ميسرة سالم عبد القادر موسى | U18: تشغيل خريجين | W18: المناصرة الأردينة | AH18: عيادة العلاج الطبيعي
A19: الجمعية | B19: دائرة المشاريع والتسويق والإعلام | C19: قسم المشاريع | T19: ابراهيم اسماعيل ابراهيم حرب | U19: تكية | W19: المؤسسة التركية | AH19: الصيدلية
A20: الجمعية | B20: دائرة المشاريع والتسويق والإعلام | C20: قسم التسويق | T20: ابراهيم عطا ابراهيم سلمان | U20: جلباب بناتي | W20: الوافاء- صندوق الخير | AH20: عيادة اذن وانف حنجرة
A21: الجمعية | B21: دائرة المشاريع والتسويق والإعلام | C21: قسم الإعلام | T21: احمد إسماعيل إبراهيم حرب | U21: جهاز حاسوب | W21: الوافاء - جمعية كاف
A22: الجمعية | B22: دائرة المشاريع والتسويق والإعلام | C22: متابعة السيارات | T22: احمد إسماعيل ماضي أبو ماضي | U22: حطب للطهي | W22: الوفاء - saf
A23: الجمعية | B23: دائرة الشؤون المالية | C23: قسم الحسابات | T23: احمد سعيد احمد نصار | U23: حفل | W23: الوفاء - اخوات الفينو الرحيق المختوم
A24: الجمعية | B24: دائرة الشؤون المالية | C24: قسم المشتريات | T24: احمد صالح سليمان أبو عرمانة | U24: حليب أطفال | W24: الوفاء - الامل العالمية أحمد التلة
A25: الجمعية | B25: دائرة الشؤون المالية | C25: قسم المخازن | T25: احمد وائل احمد بركة | U25: خزعات المركز الكويتي | W25: الوفاء - الانوار
A26: الجمعية | B26: دائرة الشؤون المالية | C26: قسم الموازنة والتدقيق | T26: اسراء خميس خليل أبو كريم | U26: خيام | W26: الوفاء - الأخت نادية من الكويت
A27: الجمعية | B27: دائرة الاستثمار الخيري | C27: قسم التعليم | T27: اسماء كمال حمودة زمزم - "دلو" | U27: خيام + شادر | W27: الوفاء - التاجر التركي
A28: الجمعية | B28: دائرة الاستثمار الخيري | C28: قسم الزراعة | T28: اعتماد احمد محمد تمراز | U28: زكاة مال | W28: الوفاء - الحاج محمد الخالدي
A29: الجمعية | B29: دائرة الاستثمار الخيري | C29: قسم المشاريع التنموية | T29: المعتصم بالله محمد روحي يوسف الحداد | U29: سقيا ماء | W29: الوفاء - المصطفى
A30: الجمعية | B30: دائرة الاستثمار الخيري | C30: مطبخ البركة | T30: اميرة محمد محمد مدوخ | U30: سلال خضار | W30: الوفاء - الهلال الدنماركي
A31: الجمعية | B31: دائرة الاستثمار الخيري | C31: مطبخ الزيناتي / خارجي | T31: انس بشير عبد المجيد قفة | U31: شراء دابة | W31: الوفاء - ايسر 1
A32: الجمعية | B32: دائرة الاستثمار الخيري | C32: عمارة سعد | T32: انعام فضل صابر أبو عيسى | U32: شراء لحوم | W32: الوفاء - أبو عبد الرحمن
... A59: المراكز الصحية | B59: الوسطى | C59: عيادة عظام | T59: سعيد عواد مسلم ابو شحادة | U59: كفالات | W59: ألدو رادو - أبو محمد غريب
A60: المراكز الصحية | B60: الوسطى | C60: عيادة طب العيون | T60: سلامة يوسف سلامة ابو خطاب | W60: ألدو رادو - أبو محمد غريب
A61: المراكز الصحية | B61: الوسطى | C61: عيادة طب اسرة | T61: سماح محمد احمد اسليم(الحبشي) | W61: أمل الأمة
A62: المراكز الصحية | B62: الوسطى | C62: عيادة جلدية | T62: سناء حمد اسليم ابو عمرة | W62: أمين اسليم
A63: المراكز الصحية | B63: الوسطى | C63: عيادة جراحة واعصاب | T63: سهاري سمير خليل درويش | W63: أمين أند فاميلي
A64: المراكز الصحية | B64: الوسطى | C64: بانوراما اشعة | T64: سهيل جميل عبد الفتاح ابو العطا | W64: أوردا
A65: المراكز الصحية | B65: الوسطى | C65: عيادة باطنة | T65: شادي احمد علي الحاج علي | W65: أوردا- اليوم الأول
A66: المراكز الصحية | B66: الوسطى | C66: المختبر | T66: صابر صالح عطا الله والي | W66: أوردا- اليوم الثالث
A67: المراكز الصحية | B67: الوسطى | C67: عيادة العلاج الطبيعي | T67: صبحي سليمان عبدالله مبروك | W67: أوردا- اليوم الثاني
A68: المراكز الصحية | B68: الوسطى | C68: الصيدلية | T68: صبحية حسن محمد غراب | W68: أوردا-BMK
A69: المراكز الصحية | B69: الوسطى | C69: عيادة اذن وانف حنجرة | T69: عامر علي سليمان دبور | W69: أوردا - COA
T70: عبد اللطيف عمر عبد الهادي صيام | W70: أوردا - Smart Qurban
T71: عبد الله محسن يونس صيدم | W71: أوردا - STNT
T72: عبد الله محمد عبد الله الدعالسة | W72: أوردا - قربان برو
T73: عدنان مجدي عبد الحميد عليان | W73: أوردا -COA
T74: علي عبد العزيز محمد أبو عمرة | W74: أوردا -H.C
T75: غادة فتحي محمد أبو طواحينه (ثابت) | W75: أوردا ALLY
T76: فاطمة حامد درويش أبو صفر | W76: أوردا bmk
T77: فاطمة عبد الرحمن فارس مهنا | W77: أوردا G2G
T78: فاطمة منهل احمد عمران (ابو عرمانة) | W78: أوردا Qurban pro
T79: فداء جمال جبر اعبيد (نصار) | W79: أوردا UFH
T80: فريد محمود محمد قنديل | W80: أوردا مسلم برو
T81: قاسم محمود عبد الرحمن غريب | W81: بريدجيز
... T102: حسين البرعي | W102: خيرات النور - أحمد قطيشان
W103: خيرات النور - أحمد محمد الأحمد
W104: خيرات النور - آل حبور الكرام
W105: خيرات النور - آل دحبور الكرام
W106: خيرات النور - باسم داوود أبو شعلة ومن ختام
W107: خيرات النور - بلال العمري
W108: خيرات النور - رحماء بينهم
W109: خيرات النور - روان محمد حسين
W110: خيرات النور - روح المرحومة الحاجة إجلال كمال
W111: خيرات النور - رؤى أبو العنين
W112: خيرات النور - سري كابتيلو
W113: خيرات النور - سري كباتيلو رقم 1
W114: خيرات النور - سري كباتيلو رقم 2
... W255: فاعل خير

Sheet DATA
A1: التسلسل | B1: اليوم | C1: مرجع النشاط | D1: ✓ تحقق | E1: التاريخ | F1: الوقت | G1: المركز الرئيسي | H1: الدائرة | I1: القسم / الإدارة | J1: المسؤول عن النشاط | K1: نوع النشاط | L1: اسم المشروع | M1: رقم/ المشروع | N1: الممول | O1: مدير المشروع | P1: عدد المستفيدين | Q1: عدد مناطق التنفيذ | R1: الميزانية (₪) | S1: نسبة الجاهزية % | T1: حالة الجاهزية | U1: التوصيات | V1: الموضوع | W1: الملاحظة | X1: مشكلة ميدانية | Y1: الإجراء المتخذ | Z1: تسمية التنفيذ | AA1: تسمية الجودة | AB1: تسمية الإغلاق | AC1: تسمية الخصم | AD1: المراقب | AE1: قيمة التنفيذ | AF1: قيمة الجودة | AG1: قيمة الإغلاق | AH1: قيمة الخصم | AI1: KPI | AJ1: التصنيف | AK1: الشهر | AL1: السنة | AM1: طريقة المراقبة | AN1: مرحلة المراقبة
A2: =IF(I2<>"",COUNTA($I$2:I2),"") -> 1 | B2: =IF(E2="","",CHOOSE(WEEKDAY(E2,2),"الاثنين","الثلاثاء","الأربعاء","الخميس","الجمعة","السبت","الأحد")) -> الأربعاء | C2: {=IF(E2="","",IF(M2<>"", M2&"/"&SUMPRODUCT((M$2:M2=M2)*1)&" - "&(ROW()-2), "إداري/"&SUMPRODUCT((M$2:M2="")*1)&" - "&(ROW()-2)))} -> إداري/1 - 0 | D2: =IF(AND(G2="",H2="",I2=""),"",IF(COUNTIFS(LISTS!$A$2:$A$67,G2,LISTS!$B$2:$B$67,H2,LISTS!$C$2:$C$67,I2)=0,"✗ هرم",IF(NOT(OR(Z2="ممتاز 100%",Z2="جيد 80%",Z2="مقبول 60%",Z2="خطر 40%",Z2="")),"✗ قائمة R",IF(NOT(OR(AA2="ممتاز 100%",AA2="جيد 85%",AA2="مقبول 70%",AA2="ضعيف 50%",AA2="")),"✗ قائمة S",IF(NOT(OR(AB2="مكتمل 100%",AB2="جزئي 60%",AB2="معلق 30%",AB2="مفتوح 0%",AB2="")),"✗ قائمة T",IF(NOT(OR(AC2="لا خصم 0",AC2="تأخير −5",AC2="عجز −10",AC2="جودة −15",AC2="امتثال −20",AC2="مخالفة −25",AC2="")),"✗ قائمة U",IF(AND(X2="لا",AC2<>"",AC2<>"لا خصم 0"),"✗ خصم",IF(AND(X2="نعم",AC2="لا خصم 0"),"✗ خصم",IF(AND(Z2="ممتاز 100%",AA2="ممتاز 100%",AB2<>"",AB2<>"مكتمل 100%"),"✗ إغلاق",IFERROR(IF(LEN(_xlfn.TEXTJOIN("، ",TRUE,IF(E2="","التاريخ",""),IF(F2="","الوقت",""),IF(G2="","المركز",""),IF(H2="","الدائرة",""),IF(I2="","القسم",""),IF(J2="","المسؤول",""),IF(K2="","نوع النشاط",""),IF(L2="","المشروع",""),IF(N2="","الممول",""),IF(V2="","الموضوع",""),IF(W2="","الملاحظة",""),IF(X2="","مشكلة",""),IF(Y2="","الإجراء",""),IF(Z2="","التنفيذ",""),IF(AA2="","الجودة",""),IF(AB2="","الإغلاق",""),IF(AC2="","الخصم",""),IF(AND(COUNTA($O2:$U2)>0,O2=""),"مدير المشروع",""),IF(AND(COUNTA($O2:$U2)>0,P2=""),"المستفيدين",""),IF(AND(COUNTA($O2:$U2)>0,Q2=""),"المناطق",""),IF(AND(COUNTA($O2:$U2)>0,R2=""),"الميزانية",""),IF(AND(COUNTA($O2:$U2)>0,S2=""),"نسبة الجاهزية",""),IF(AND(COUNTA($O2:$U2)>0,T2=""),"حالة الجاهزية",""),IF(AND(COUNTA($O2:$U2)>0,U2=""),"التوصيات","")))>0,"✗ ناقص: "&_xlfn.TEXTJOIN("، ",TRUE,IF(E2="","التاريخ",""),IF(F2="","الوقت",""),IF(G2="","المركز",""),IF(H2="","الدائرة",""),IF(I2="","القسم",""),IF(J2="","المسؤول",""),IF(K2="","نوع النشاط",""),IF(L2="","المشروع",""),IF(N2="","الممول",""),IF(V2="","الموضوع",""),IF(W2="","الملاحظة",""),IF(X2="","مشكلة",""),IF(Y2="","الإجراء",""),IF(Z2="","التنفيذ",""),IF(AA2="","الجودة",""),IF(AB2="","الإغلاق",""),IF(AC2="","الخصم",""),IF(AND(COUNTA($O2:$U2)>0,O2=""),"مدير المشروع",""),IF(AND(COUNTA($O2:$U2)>0,P2=""),"المستفيدين",""),IF(AND(COUNTA($O2:$U2)>0,Q2=""),"المناطق",""),IF(AND(COUNTA($O2:$U2)>0,R2=""),"الميزانية",""),IF(AND(COUNTA($O2:$U2)>0,S2=""),"نسبة الجاهزية",""),IF(AND(COUNTA($O2:$U2)>0,T2=""),"حالة الجاهزية",""),IF(AND(COUNTA($O2:$U2)>0,U2=""),"التوصيات","")),"✓"),"✓")))))))))) -> ✗ ناقص: الممول | E2: 46113 | F2: 0.39583333 | G2: الجمعية | H2: دائرة الاستثمار الخيري | I2: مطبخ الزيناتي / خارجي | J2: جهاد محمد محروس ابو الريش | K2: جودة خدمة | L2: الرغيف الخيري | V2: زيارة ميدانية مفاجئة لمخبز زادنا | W2: وُجد طحين قديم في المخزن استُخدم مما أثّر على جودة الخبز — تحذير نهائي لصاحب المخبز | X2: نعم | Y2: تحذير كتابي | Z2: مقبول 60% | AA2: ضعيف 50% | AB2: معلق 30% | AC2: جودة −15 | AD2: اياد أبو عبدو | AE2: =IFERROR(VLOOKUP(Z2,LISTS!$AL$2:$AM$1000,2,FALSE()),"") -> 60 | AF2: =IFERROR(VLOOKUP(AA2,LISTS!$AO$2:$AP$1000,2,FALSE()),"") -> 50 | AG2: =IFERROR(VLOOKUP(AB2,LISTS!$AR$2:$AS$1000,2,FALSE()),"") -> 30 | AH2: =IFERROR(VLOOKUP(AC2,LISTS!$AU$2:$AV$1000,2,FALSE()),"") -> 15 | AI2: =IF(OR(AE2="",AF2="",AG2=""),"—",IFERROR(ROUND(AE2*0.4+AF2*0.3+AG2*0.3-IF(ISNUMBER(AH2),AH2,0),1),"⚠️")) -> 33 | AJ2: =IF(AI2="—","—",IF(NOT(ISNUMBER(AI2)),"⚠️",IF(AI2>=98,"🌟 ممتاز جدًا",IF(AI2>=90,"⭐ ممتاز",IF(AI2>=75,"🟢 جيد",IF(AI2>=60,"🟡 مقبول",IF(AI2>=40,"🔴 ضعيف","🚨 خطر شديد"))))))) -> 🚨 خطر شديد | AK2: =IF(E2="","",MONTH(E2)) -> 4 | AL2: =IF(E2="","",YEAR(E2)) -> 2026
A3: =IF(I3<>"",COUNTA($I$2:I3),"") -> 2 | B3: =IF(E3="","",CHOOSE(WEEKDAY(E3,2),"الاثنين","الثلاثاء","الأربعاء","الخميس","الجمعة","السبت","الأحد")) -> الأربعاء | C3: {=IF(E3="","",IF(M3<>"", M3&"/"&SUMPRODUCT((M$2:M3=M3)*1)&" - "&(ROW()-2), "إداري/"&SUMPRODUCT((M$2:M3="")*1)&" - "&(ROW()-2)))} -> إداري/2 - 1 | D3: =IF(AND(G3="",H3="",I3=""),"",IF(COUNTIFS(LISTS!$A$2:$A$67,G3,LISTS!$B$2:$B$67,H3,LISTS!$C$2:$C$67,I3)=0,"✗ هرم",IF(NOT(OR(Z3="ممتاز 100%",Z3="جيد 80%",Z3="مقبول 60%",Z3="خطر 40%",Z3="")),"✗ قائمة R",IF(NOT(OR(AA3="ممتاز 100%",AA3="جيد 85%",AA3="مقبول 70%",AA3="ضعيف 50%",AA3="")),"✗ قائمة S",IF(NOT(OR(AB3="مكتمل 100%",AB3="جزئي 60%",AB3="معلق 30%",AB3="مفتوح 0%",AB3="")),"✗ قائمة T",IF(NOT(OR(AC3="لا خصم 0",AC3="تأخير −5",AC3="عجز −10",AC3="جودة −15",AC3="امتثال −20",AC3="مخالفة −25",AC3="")),"✗ قائمة U",IF(AND(X3="لا",AC3<>"",AC3<>"لا خصم 0"),"✗ خصم",IF(AND(X3="نعم",AC3="لا خصم 0"),"✗ خصم",IF(AND(Z3="ممتاز 100%",AA3="ممتاز 100%",AB3<>"",AB3<>"مكتمل 100%"),"✗ إغلاق",IFERROR(IF(LEN(_xlfn.TEXTJOIN("، ",TRUE,IF(E3="","التاريخ",""),IF(F3="","الوقت",""),IF(G3="","المركز",""),IF(H3="","الدائرة",""),IF(I3="","القسم",""),IF(J3="","المسؤول",""),IF(K3="","نوع النشاط",""),IF(L3="","المشروع",""),IF(N3="","الممول",""),IF(V3="","الموضوع",""),IF(W3="","الملاحظة",""),IF(X3="","مشكلة",""),IF(Y3="","الإجراء",""),IF(Z3="","التنفيذ",""),IF(AA3="","الجودة",""),IF(AB3="","الإغلاق",""),IF(AC3="","الخصم",""),IF(AND(COUNTA($O3:$U3)>0,O3=""),"مدير المشروع",""),IF(AND(COUNTA($O3:$U3)>0,P3=""),"المستفيدين",""),IF(AND(COUNTA($O3:$U3)>0,Q3=""),"المناطق",""),IF(AND(COUNTA($O3:$U3)>0,R3=""),"الميزانية",""),IF(AND(COUNTA($O3:$U3)>0,S3=""),"نسبة الجاهزية",""),IF(AND(COUNTA($O3:$U3)>0,T3=""),"حالة الجاهزية",""),IF(AND(COUNTA($O3:$U3)>0,U3=""),"التوصيات","")))>0,"✗ ناقص: "&_xlfn.TEXTJOIN("، ",TRUE,IF(E3="","التاريخ",""),IF(F3="","الوقت",""),IF(G3="","المركز",""),IF(H3="","الدائرة",""),IF(I3="","القسم",""),IF(J3="","المسؤول",""),IF(K3="","نوع النشاط",""),IF(L3="","المشروع",""),IF(N3="","الممول",""),IF(V3="","الموضوع",""),IF(W3="","الملاحظة",""),IF(X3="","مشكلة",""),IF(Y3="","الإجراء",""),IF(Z3="","التنفيذ",""),IF(AA3="","الجودة",""),IF(AB3="","الإغلاق",""),IF(AC3="","الخصم",""),IF(AND(COUNTA($O3:$U3)>0,O3=""),"مدير المشروع",""),IF(AND(COUNTA($O3:$U3)>0,P3=""),"المستفيدين",""),IF(AND(COUNTA($O3:$U3)>0,Q3=""),"المناطق",""),IF(AND(COUNTA($O3:$U3)>0,R3=""),"الميزانية",""),IF(AND(COUNTA($O3:$U3)>0,S3=""),"نسبة الجاهزية",""),IF(AND(COUNTA($O3:$U3)>0,T3=""),"حالة الجاهزية",""),IF(AND(COUNTA($O3:$U3)>0,U3=""),"التوصيات","")),"✓"),"✓")))))))))) -> ✗ ناقص: الممول | E3: 46113 | F3: 0.5 | G3: الجمعية | H3: دائرة الاستثمار الخيري | I3: مطبخ الزيناتي / خارجي | J3: جهاد محمد محروس ابو الريش | K3: جودة خدمة | L3: وجبات ساخنة | V3: متابعة وجبات مطبخ دار محسن رمضان — النصيرات (1 أبريل) | W3: 480 وجبة مفرد — الصالحي(160)، سلام(120)، الخطيب(140)،ابو محمود صالح(60) — تقييم ممتاز | X3: لا | Y3: مذكرة تذكيرية | Z3: ممتاز 100% | AA3: ممتاز 100% | AB3: مكتمل 100% | AC3: لا خصم 0 | AD3: سمير نصار | AE3: =IFERROR(VLOOKUP(Z3,LISTS!$AL$2:$AM$1000,2,FALSE()),"") -> 100 | AF3: =IFERROR(VLOOKUP(AA3,LISTS!$AO$2:$AP$1000,2,FALSE()),"") -> 100 | AG3: =IFERROR(VLOOKUP(AB3,LISTS!$AR$2:$AS$1000,2,FALSE()),"") -> 100 | AH3: =IFERROR(VLOOKUP(AC3,LISTS!$AU$2:$AV$1000,2,FALSE()),"") -> 0 | AI3: =IF(OR(AE3="",AF3="",AG3=""),"—",IFERROR(ROUND(AE3*0.4+AF3*0.3+AG3*0.3-IF(ISNUMBER(AH3),AH3,0),1),"⚠️")) -> 100 | AJ3: =IF(AI3="—","—",IF(NOT(ISNUMBER(AI3)),"⚠️",IF(AI3>=98,"🌟 ممتاز جدًا",IF(AI3>=90,"⭐ ممتاز",IF(AI3>=75,"🟢 جيد",IF(AI3>=60,"🟡 مقبول",IF(AI3>=40,"🔴 ضعيف","🚨 خطر شديد"))))))) -> 🌟 ممتاز جدًا | AK3: =IF(E3="","",MONTH(E3)) -> 4 | AL3: =IF(E3="","",YEAR(E3)) -> 2026
A4: =IF(I4<>"",COUNTA($I$2:I4),"") -> 3 | B4: =IF(E4="","",CHOOSE(WEEKDAY(E4,2),"الاثنين","الثلاثاء","الأربعاء","الخميس","الجمعة","السبت","الأحد")) -> الخميس | C4: {=IF(E4="","",IF(M4<>"", M4&"/"&SUMPRODUCT((M$2:M4=M4)*1)&" - "&(ROW()-2), "إداري/"&SUMPRODUCT((M$2:M4="")*1)&" - "&(ROW()-2)))} -> إداري/3 - 2 | D4: =IF(AND(G4="",H4="",I4=""),"",IF(COUNTIFS(LISTS!$A$2:$A$67,G4,LISTS!$B$2:$B$67,H4,LISTS!$C$2:$C$67,I4)=0,"✗ هرم",IF(NOT(OR(Z4="ممتاز 100%",Z4="جيد 80%",Z4="مقبول 60%",Z4="خطر 40%",Z4="")),"✗ قائمة R",IF(NOT(OR(AA4="ممتاز 100%",AA4="جيد 85%",AA4="مقبول 70%",AA4="ضعيف 50%",AA4="")),"✗ قائمة S",IF(NOT(OR(AB4="مكتمل 100%",AB4="جزئي 60%",AB4="معلق 30%",AB4="مفتوح 0%",AB4="")),"✗ قائمة T",IF(NOT(OR(AC4="لا خصم 0",AC4="تأخير −5",AC4="عجز −10",AC4="جودة −15",AC4="امتثال −20",AC4="مخالفة −25",AC4="")),"✗ قائمة U",IF(AND(X4="لا",AC4<>"",AC4<>"لا خصم 0"),"✗ خصم",IF(AND(X4="نعم",AC4="لا خصم 0"),"✗ خصم",IF(AND(Z4="ممتاز 100%",AA4="ممتاز 100%",AB4<>"",AB4<>"مكتمل 100%"),"✗ إغلاق",IFERROR(IF(LEN(_xlfn.TEXTJOIN("، ",TRUE,IF(E4="","التاريخ",""),IF(F4="","الوقت",""),IF(G4="","المركز",""),IF(H4="","الدائرة",""),IF(I4="","القسم",""),IF(J4="","المسؤول",""),IF(K4="","نوع النشاط",""),IF(L4="","المشروع",""),IF(N4="","الممول",""),IF(V4="","الموضوع",""),IF(W4="","الملاحظة",""),IF(X4="","مشكلة",""),IF(Y4="","الإجراء",""),IF(Z4="","التنفيذ",""),IF(AA4="","الجودة",""),IF(AB4="","الإغلاق",""),IF(AC4="","الخصم",""),IF(AND(COUNTA($O4:$U4)>0,O4=""),"مدير المشروع",""),IF(AND(COUNTA($O4:$U4)>0,P4=""),"المستفيدين",""),IF(AND(COUNTA($O4:$U4)>0,Q4=""),"المناطق",""),IF(AND(COUNTA($O4:$U4)>0,R4=""),"الميزانية",""),IF(AND(COUNTA($O4:$U4)>0,S4=""),"نسبة الجاهزية",""),IF(AND(COUNTA($O4:$U4)>0,T4=""),"حالة الجاهزية",""),IF(AND(COUNTA($O4:$U4)>0,U4=""),"التوصيات","")))>0,"✗ ناقص: "&_xlfn.TEXTJOIN("، ",TRUE,IF(E4="","التاريخ",""),IF(F4="","الوقت",""),IF(G4="","المركز",""),IF(H4="","الدائرة",""),IF(I4="","القسم",""),IF(J4="","المسؤول",""),IF(K4="","نوع النشاط",""),IF(L4="","المشروع",""),IF(N4="","الممول",""),IF(V4="","الموضوع",""),IF(W4="","الملاحظة",""),IF(X4="","مشكلة",""),IF(Y4="","الإجراء",""),IF(Z4="","التنفيذ",""),IF(AA4="","الجودة",""),IF(AB4="","الإغلاق",""),IF(AC4="","الخصم",""),IF(AND(COUNTA($O4:$U4)>0,O4=""),"مدير المشروع",""),IF(AND(COUNTA($O4:$U4)>0,P4=""),"المستفيدين",""),IF(AND(COUNTA($O4:$U4)>0,Q4=""),"المناطق",""),IF(AND(COUNTA($O4:$U4)>0,R4=""),"الميزانية",""),IF(AND(COUNTA($O4:$U4)>0,S4=""),"نسبة الجاهزية",""),IF(AND(COUNTA($O4:$U4)>0,T4=""),"حالة الجاهزية",""),IF(AND(COUNTA($O4:$U4)>0,U4=""),"التوصيات","")),"✓"),"✓")))))))))) -> ✗ ناقص: الممول | E4: 46114 | F4: 0.48958333 | G4: الجمعية | H4: دائرة المشاريع والتسويق والإعلام | I4: مكتب البريج | J4: محمود سالم هزاع القريناوي | K4: جودة خدمة | L4: وجبات ساخنة | V4: متابعة وجبات مطبخ دار محسن رمضان — البريج (2 أبريل) | W4: 480 وجبة مفرد (350ج رز+لحمة شقف) — النادي(150)، بلوك12(200)، البركس(50)، عزاءابو غليبة(30) — جودة جيد جداً | X4: لا | Y4: مذكرة تذكيرية | Z4: ممتاز 100% | AA4: جيد 85% | AB4: مكتمل 100% | AC4: لا خصم 0 | AD4: سمير نصار | AE4: =IFERROR(VLOOKUP(Z4,LISTS!$AL$2:$AM$1000,2,FALSE()),"") -> 100 | AF4: =IFERROR(VLOOKUP(AA4,LISTS!$AO$2:$AP$1000,2,FALSE()),"") -> 85 | AG4: =IFERROR(VLOOKUP(AB4,LISTS!$AR$2:$AS$1000,2,FALSE()),"") -> 100 | AH4: =IFERROR(VLOOKUP(AC4,LISTS!$AU$2:$AV$1000,2,FALSE()),"") -> 0 | AI4: =IF(OR(AE4="",AF4="",AG4=""),"—",IFERROR(ROUND(AE4*0.4+AF4*0.3+AG4*0.3-IF(ISNUMBER(AH4),AH4,0),1),"⚠️")) -> 95.5 | AJ4: =IF(AI4="—","—",IF(NOT(ISNUMBER(AI4)),"⚠️",IF(AI4>=98,"🌟 ممتاز جدًا",IF(AI4>=90,"⭐ ممتاز",IF(AI4>=75,"🟢 جيد",IF(AI4>=60,"🟡 مقبول",IF(AI4>=40,"🔴 ضعيف","🚨 خطر شديد"))))))) -> ⭐ ممتاز | AK4: =IF(E4="","",MONTH(E4)) -> 4 | AL4: =IF(E4="","",YEAR(E4)) -> 2026
A5: =IF(I5<>"",COUNTA($I$2:I5),"") -> 4 | B5: =IF(E5="","",CHOOSE(WEEKDAY(E5,2),"الاثنين","الثلاثاء","الأربعاء","الخميس","الجمعة","السبت","الأحد")) -> الخميس | C5: {=IF(E5="","",IF(M5<>"", M5&"/"&SUMPRODUCT((M$2:M5=M5)*1)&" - "&(ROW()-2), "إداري/"&SUMPRODUCT((M$2:M5="")*1)&" - "&(ROW()-2)))} -> إداري/4 - 3 | D5: =IF(AND(G5="",H5="",I5=""),"",IF(COUNTIFS(LISTS!$A$2:$A$67,G5,LISTS!$B$2:$B$67,H5,LISTS!$C$2:$C$67,I5)=0,"✗ هرم",IF(NOT(OR(Z5="ممتاز 100%",Z5="جيد 80%",Z5="مقبول 60%",Z5="خطر 40%",Z5="")),"✗ قائمة R",IF(NOT(OR(AA5="ممتاز 100%",AA5="جيد 85%",AA5="مقبول 70%",AA5="ضعيف 50%",AA5="")),"✗ قائمة S",IF(NOT(OR(AB5="مكتمل 100%",AB5="جزئي 60%",AB5="معلق 30%",AB5="مفتوح 0%",AB5="")),"✗ قائمة T",IF(NOT(OR(AC5="لا خصم 0",AC5="تأخير −5",AC5="عجز −10",AC5="جودة −15",AC5="امتثال −20",AC5="مخالفة −25",AC5="")),"✗ قائمة U",IF(AND(X5="لا",AC5<>"",AC5<>"لا خصم 0"),"✗ خصم",IF(AND(X5="نعم",AC5="لا خصم 0"),"✗ خصم",IF(AND(Z5="ممتاز 100%",AA5="ممتاز 100%",AB5<>"",AB5<>"مكتمل 100%"),"✗ إغلاق",IFERROR(IF(LEN(_xlfn.TEXTJOIN("، ",TRUE,IF(E5="","التاريخ",""),IF(F5="","الوقت",""),IF(G5="","المركز",""),IF(H5="","الدائرة",""),IF(I5="","القسم",""),IF(J5="","المسؤول",""),IF(K5="","نوع النشاط",""),IF(L5="","المشروع",""),IF(N5="","الممول",""),IF(V5="","الموضوع",""),IF(W5="","الملاحظة",""),IF(X5="","مشكلة",""),IF(Y5="","الإجراء",""),IF(Z5="","التنفيذ",""),IF(AA5="","الجودة",""),IF(AB5="","الإغلاق",""),IF(AC5="","الخصم",""),IF(AND(COUNTA($O5:$U5)>0,O5=""),"مدير المشروع",""),IF(AND(COUNTA($O5:$U5)>0,P5=""),"المستفيدين",""),IF(AND(COUNTA($O5:$U5)>0,Q5=""),"المناطق",""),IF(AND(COUNTA($O5:$U5)>0,R5=""),"الميزانية",""),IF(AND(COUNTA($O5:$U5)>0,S5=""),"نسبة الجاهزية",""),IF(AND(COUNTA($O5:$U5)>0,T5=""),"حالة الجاهزية",""),IF(AND(COUNTA($O5:$U5)>0,U5=""),"التوصيات","")))>0,"✗ ناقص: "&_xlfn.TEXTJOIN("، ",TRUE,IF(E5="","التاريخ",""),IF(F5="","الوقت",""),IF(G5="","المركز",""),IF(H5="","الدائرة",""),IF(I5="","القسم",""),IF(J5="","المسؤول",""),IF(K5="","نوع النشاط",""),IF(L5="","المشروع",""),IF(N5="","الممول",""),IF(V5="","الموضوع",""),IF(W5="","الملاحظة",""),IF(X5="","مشكلة",""),IF(Y5="","الإجراء",""),IF(Z5="","التنفيذ",""),IF(AA5="","الجودة",""),IF(AB5="","الإغلاق",""),IF(AC5="","الخصم",""),IF(AND(COUNTA($O5:$U5)>0,O5=""),"مدير المشروع",""),IF(AND(COUNTA($O5:$U5)>0,P5=""),"المستفيدين",""),IF(AND(COUNTA($O5:$U5)>0,Q5=""),"المناطق",""),IF(AND(COUNTA($O5:$U5)>0,R5=""),"الميزانية",""),IF(AND(COUNTA($O5:$U5)>0,S5=""),"نسبة الجاهزية",""),IF(AND(COUNTA($O5:$U5)>0,T5=""),"حالة الجاهزية",""),IF(AND(COUNTA($O5:$U5)>0,U5=""),"التوصيات","")),"✓"),"✓")))))))))) -> ✓ | E5: 46114 | F5: 0.50694444 | G5: الجمعية | H5: دائرة المشاريع والتسويق والإعلام | I5: مكتب خانيونس | J5: جهاد محمد محروس ابو الريش | K5: جودة خدمة | L5: وجبات ساخنة | N5: هيومن ابيل | V5: متابعة وجبات مطبخ الأخوة — خانيونس (2 أبريل) | W5: 3400 وجبة فردي (85ج لحمة+300ج رز) — ناصر(600)، الكويتي(300)، أطباء بلا حدود(200)، موظفو هيومن ابيل(500)، المتحابين(950)، جدار المتحابين(550)، بسمة أمل(300) — استلام 14:45، توزيع 16:00 — تقييم ممتاز | X5: لا | Y5: مذكرة تذكيرية | Z5: ممتاز 100% | AA5: ممتاز 100% | AB5: مكتمل 100% | AC5: لا خصم 0 | AD5: سمير نصار | AE5: =IFERROR(VLOOKUP(Z5,LISTS!$AL$2:$AM$1000,2,FALSE()),"") -> 100 | AF5: =IFERROR(VLOOKUP(AA5,LISTS!$AO$2:$AP$1000,2,FALSE()),"") -> 100 | AG5: =IFERROR(VLOOKUP(AB5,LISTS!$AR$2:$AS$1000,2,FALSE()),"") -> 100 | AH5: =IFERROR(VLOOKUP(AC5,LISTS!$AU$2:$AV$1000,2,FALSE()),"") -> 0 | AI5: =IF(OR(AE5="",AF5="",AG5=""),"—",IFERROR(ROUND(AE5*0.4+AF5*0.3+AG5*0.3-IF(ISNUMBER(AH5),AH5,0),1),"⚠️")) -> 100 | AJ5: =IF(AI5="—","—",IF(NOT(ISNUMBER(AI5)),"⚠️",IF(AI5>=98,"🌟 ممتاز جدًا",IF(AI5>=90,"⭐ ممتاز",IF(AI5>=75,"🟢 جيد",IF(AI5>=60,"🟡 مقبول",IF(AI5>=40,"🔴 ضعيف","🚨 خطر شديد"))))))) -> 🌟 ممتاز جدًا | AK5: =IF(E5="","",MONTH(E5)) -> 4 | AL5: =IF(E5="","",YEAR(E5)) -> 2026
A6: =IF(I6<>"",COUNTA($I$2:I6),"") -> 5 | B6: =IF(E6="","",CHOOSE(WEEKDAY(E6,2),"الاثنين","الثلاثاء","الأربعاء","الخميس","الجمعة","السبت","الأحد")) -> الخميس | C6: {=IF(E6="","",IF(M6<>"", M6&"/"&SUMPRODUCT((M$2:M6=M6)*1)&" - "&(ROW()-2), "إداري/"&SUMPRODUCT((M$2:M6="")*1)&" - "&(ROW()-2)))} -> إداري/5 - 4 | D6: =IF(AND(G6="",H6="",I6=""),"",IF(COUNTIFS(LISTS!$A$2:$A$67,G6,LISTS!$B$2:$B$67,H6,LISTS!$C$2:$C$67,I6)=0,"✗ هرم",IF(NOT(OR(Z6="ممتاز 100%",Z6="جيد 80%",Z6="مقبول 60%",Z6="خطر 40%",Z6="")),"✗ قائمة R",IF(NOT(OR(AA6="ممتاز 100%",AA6="جيد 85%",AA6="مقبول 70%",AA6="ضعيف 50%",AA6="")),"✗ قائمة S",IF(NOT(OR(AB6="مكتمل 100%",AB6="جزئي 60%",AB6="معلق 30%",AB6="مفتوح 0%",AB6="")),"✗ قائمة T",IF(NOT(OR(AC6="لا خصم 0",AC6="تأخير −5",AC6="عجز −10",AC6="جودة −15",AC6="امتثال −20",AC6="مخالفة −25",AC6="")),"✗ قائمة U",IF(AND(X6="لا",AC6<>"",AC6<>"لا خصم 0"),"✗ خصم",IF(AND(X6="نعم",AC6="لا خصم 0"),"✗ خصم",IF(AND(Z6="ممتاز 100%",AA6="ممتاز 100%",AB6<>"",AB6<>"مكتمل 100%"),"✗ إغلاق",IFERROR(IF(LEN(_xlfn.TEXTJOIN("، ",TRUE,IF(E6="","التاريخ",""),IF(F6="","الوقت",""),IF(G6="","المركز",""),IF(H6="","الدائرة",""),IF(I6="","القسم",""),IF(J6="","المسؤول",""),IF(K6="","نوع النشاط",""),IF(L6="","المشروع",""),IF(N6="","الممول",""),IF(V6="","الموضوع",""),IF(W6="","الملاحظة",""),IF(X6="","مشكلة",""),IF(Y6="","الإجراء",""),IF(Z6="","التنفيذ",""),IF(AA6="","الجودة",""),IF(AB6="","الإغلاق",""),IF(AC6="","الخصم",""),IF(AND(COUNTA($O6:$U6)>0,O6=""),"مدير المشروع",""),IF(AND(COUNTA($O6:$U6)>0,P6=""),"المستفيدين",""),IF(AND(COUNTA($O6:$U6)>0,Q6=""),"المناطق",""),IF(AND(COUNTA($O6:$U6)>0,R6=""),"الميزانية",""),IF(AND(COUNTA($O6:$U6)>0,S6=""),"نسبة الجاهزية",""),IF(AND(COUNTA($O6:$U6)>0,T6=""),"حالة الجاهزية",""),IF(AND(COUNTA($O6:$U6)>0,U6=""),"التوصيات","")))>0,"✗ ناقص: "&_xlfn.TEXTJOIN("، ",TRUE,IF(E6="","التاريخ",""),IF(F6="","الوقت",""),IF(G6="","المركز",""),IF(H6="","الدائرة",""),IF(I6="","القسم",""),IF(J6="","المسؤول",""),IF(K6="","نوع النشاط",""),IF(L6="","المشروع",""),IF(N6="","الممول",""),IF(V6="","الموضوع",""),IF(W6="","الملاحظة",""),IF(X6="","مشكلة",""),IF(Y6="","الإجراء",""),IF(Z6="","التنفيذ",""),IF(AA6="","الجودة",""),IF(AB6="","الإغلاق",""),IF(AC6="","الخصم",""),IF(AND(COUNTA($O6:$U6)>0,O6=""),"مدير المشروع",""),IF(AND(COUNTA($O6:$U6)>0,P6=""),"المستفيدين",""),IF(AND(COUNTA($O6:$U6)>0,Q6=""),"المناطق",""),IF(AND(COUNTA($O6:$U6)>0,R6=""),"الميزانية",""),IF(AND(COUNTA($O6:$U6)>0,S6=""),"نسبة الجاهزية",""),IF(AND(COUNTA($O6:$U6)>0,T6=""),"حالة الجاهزية",""),IF(AND(COUNTA($O6:$U6)>0,U6=""),"التوصيات","")),"✓"),"✓")))))))))) -> ✗ ناقص: الممول | E6: 46114 | F6: 0.45833333 | G6: الجمعية | H6: دائرة الاستثمار الخيري | I6: مطبخ الزيناتي / خارجي | J6: جهاد محمد محروس ابو الريش | K6: جودة خدمة | L6: وجبات ساخنة | V6: متابعة وجبات مطبخ دار محسن رمضان — البريج والنصيرات (2 أبريل) | W6: 480 وجبة مفرد — البريج(450)، النصيرات(30) — تقييم ممتاز | X6: لا | Y6: مذكرة تذكيرية | Z6: ممتاز 100% | AA6: ممتاز 100% | AB6: مكتمل 100% | AC6: لا خصم 0 | AD6: سمير نصار | AE6: =IFERROR(VLOOKUP(Z6,LISTS!$AL$2:$AM$1000,2,FALSE()),"") -> 100 | AF6: =IFERROR(VLOOKUP(AA6,LISTS!$AO$2:$AP$1000,2,FALSE()),"") -> 100 | AG6: =IFERROR(VLOOKUP(AB6,LISTS!$AR$2:$AS$1000,2,FALSE()),"") -> 100 | AH6: =IFERROR(VLOOKUP(AC6,LISTS!$AU$2:$AV$1000,2,FALSE()),"") -> 0 | AI6: =IF(OR(AE6="",AF6="",AG6=""),"—",IFERROR(ROUND(AE6*0.4+AF6*0.3+AG6*0.3-IF(ISNUMBER(AH6),AH6,0),1),"⚠️")) -> 100 | AJ6: =IF(AI6="—","—",IF(NOT(ISNUMBER(AI6)),"⚠️",IF(AI6>=98,"🌟 ممتاز جدًا",IF(AI6>=90,"⭐ ممتاز",IF(AI6>=75,"🟢 جيد",IF(AI6>=60,"🟡 مقبول",IF(AI6>=40,"🔴 ضعيف","🚨 خطر شديد"))))))) -> 🌟 ممتاز جدًا | AK6: =IF(E6="","",MONTH(E6)) -> 4 | AL6: =IF(E6="","",YEAR(E6)) -> 2026
A7: =IF(I7<>"",COUNTA($I$2:I7),"") -> 6 | B7: =IF(E7="","",CHOOSE(WEEKDAY(E7,2),"الاثنين","الثلاثاء","الأربعاء","الخميس","الجمعة","السبت","الأحد")) -> الجمعة | C7: {=IF(E7="","",IF(M7<>"", M7&"/"&SUMPRODUCT((M$2:M7=M7)*1)&" - "&(ROW()-2), "إداري/"&SUMPRODUCT((M$2:M7="")*1)&" - "&(ROW()-2)))} -> إداري/6 - 5 | D7: =IF(AND(G7="",H7="",I7=""),"",IF(COUNTIFS(LISTS!$A$2:$A$67,G7,LISTS!$B$2:$B$67,H7,LISTS!$C$2:$C$67,I7)=0,"✗ هرم",IF(NOT(OR(Z7="ممتاز 100%",Z7="جيد 80%",Z7="مقبول 60%",Z7="خطر 40%",Z7="")),"✗ قائمة R",IF(NOT(OR(AA7="ممتاز 100%",AA7="جيد 85%",AA7="مقبول 70%",AA7="ضعيف 50%",AA7="")),"✗ قائمة S",IF(NOT(OR(AB7="مكتمل 100%",AB7="جزئي 60%",AB7="معلق 30%",AB7="مفتوح 0%",AB7="")),"✗ قائمة T",IF(NOT(OR(AC7="لا خصم 0",AC7="تأخير −5",AC7="عجز −10",AC7="جودة −15",AC7="امتثال −20",AC7="مخالفة −25",AC7="")),"✗ قائمة U",IF(AND(X7="لا",AC7<>"",AC7<>"لا خصم 0"),"✗ خصم",IF(AND(X7="نعم",AC7="لا خصم 0"),"✗ خصم",IF(AND(Z7="ممتاز 100%",AA7="ممتاز 100%",AB7<>"",AB7<>"مكتمل 100%"),"✗ إغلاق",IFERROR(IF(LEN(_xlfn.TEXTJOIN("، ",TRUE,IF(E7="","التاريخ",""),IF(F7="","الوقت",""),IF(G7="","المركز",""),IF(H7="","الدائرة",""),IF(I7="","القسم",""),IF(J7="","المسؤول",""),IF(K7="","نوع النشاط",""),IF(L7="","المشروع",""),IF(N7="","الممول",""),IF(V7="","الموضوع",""),IF(W7="","الملاحظة",""),IF(X7="","مشكلة",""),IF(Y7="","الإجراء",""),IF(Z7="","التنفيذ",""),IF(AA7="","الجودة",""),IF(AB7="","الإغلاق",""),IF(AC7="","الخصم",""),IF(AND(COUNTA($O7:$U7)>0,O7=""),"مدير المشروع",""),IF(AND(COUNTA($O7:$U7)>0,P7=""),"المستفيدين",""),IF(AND(COUNTA($O7:$U7)>0,Q7=""),"المناطق",""),IF(AND(COUNTA($O7:$U7)>0,R7=""),"الميزانية",""),IF(AND(COUNTA($O7:$U7)>0,S7=""),"نسبة الجاهزية",""),IF(AND(COUNTA($O7:$U7)>0,T7=""),"حالة الجاهزية",""),IF(AND(COUNTA($O7:$U7)>0,U7=""),"التوصيات","")))>0,"✗ ناقص: "&_xlfn.TEXTJOIN("، ",TRUE,IF(E7="","التاريخ",""),IF(F7="","الوقت",""),IF(G7="","المركز",""),IF(H7="","الدائرة",""),IF(I7="","القسم",""),IF(J7="","المسؤول",""),IF(K7="","نوع النشاط",""),IF(L7="","المشروع",""),IF(N7="","الممول",""),IF(V7="","الموضوع",""),IF(W7="","الملاحظة",""),IF(X7="","مشكلة",""),IF(Y7="","الإجراء",""),IF(Z7="","التنفيذ",""),IF(AA7="","الجودة",""),IF(AB7="","الإغلاق",""),IF(AC7="","الخصم",""),IF(AND(COUNTA($O7:$U7)>0,O7=""),"مدير المشروع",""),IF(AND(COUNTA($O7:$U7)>0,P7=""),"المستفيدين",""),IF(AND(COUNTA($O7:$U7)>0,Q7=""),"المناطق",""),IF(AND(COUNTA($O7:$U7)>0,R7=""),"الميزانية",""),IF(AND(COUNTA($O7:$U7)>0,S7=""),"نسبة الجاهزية",""),IF(AND(COUNTA($O7:$U7)>0,T7=""),"حالة الجاهزية",""),IF(AND(COUNTA($O7:$U7)>0,U7=""),"التوصيات","")),"✓"),"✓")))))))))) -> ✗ ناقص: الممول | E7: 46115 | F7: 0.5 | G7: الجمعية | H7: دائرة المشاريع والتسويق والإعلام | I7: مكتب المغازي | J7: طارق حسن ع.القادر قنديل | K7: جودة خدمة | L7: وجبات ساخنة | V7: متابعة وجبات مطبخ دار محسن رمضان — المغازي (3 أبريل) | W7: 480 وجبة مفرد (350ج رز+لحمة) — بركة الوز وحارة القساطنة والمهاجرين — تقييم ممتاز | X7: لا | Y7: مذكرة تذكيرية | Z7: ممتاز 100% | AA7: ممتاز 100% | AB7: مكتمل 100% | AC7: لا خصم 0 | AD7: سمير نصار | AE7: =IFERROR(VLOOKUP(Z7,LISTS!$AL$2:$AM$1000,2,FALSE()),"") -> 100 | AF7: =IFERROR(VLOOKUP(AA7,LISTS!$AO$2:$AP$1000,2,FALSE()),"") -> 100 | AG7: =IFERROR(VLOOKUP(AB7,LISTS!$AR$2:$AS$1000,2,FALSE()),"") -> 100 | AH7: =IFERROR(VLOOKUP(AC7,LISTS!$AU$2:$AV$1000,2,FALSE()),"") -> 0 | AI7: =IF(OR(AE7="",AF7="",AG7=""),"—",IFERROR(ROUND(AE7*0.4+AF7*0.3+AG7*0.3-IF(ISNUMBER(AH7),AH7,0),1),"⚠️")) -> 100 | AJ7: =IF(AI7="—","—",IF(NOT(ISNUMBER(AI7)),"⚠️",IF(AI7>=98,"🌟 ممتاز جدًا",IF(AI7>=90,"⭐ ممتاز",IF(AI7>=75,"🟢 جيد",IF(AI7>=60,"🟡 مقبول",IF(AI7>=40,"🔴 ضعيف","🚨 خطر شديد"))))))) -> 🌟 ممتاز جدًا | AK7: =IF(E7="","",MONTH(E7)) -> 4 | AL7: =IF(E7="","",YEAR(E7)) -> 2026
A8: =IF(I8<>"",COUNTA($I$2:I8),"") -> 7 | B8: =IF(E8="","",CHOOSE(WEEKDAY(E8,2),"الاثنين","الثلاثاء","الأربعاء","الخميس","الجمعة","السبت","الأحد")) -> الجمعة | C8: {=IF(E8="","",IF(M8<>"", M8&"/"&SUMPRODUCT((M$2:M8=M8)*1)&" - "&(ROW()-2), "إداري/"&SUMPRODUCT((M$2:M8="")*1)&" - "&(ROW()-2)))} -> إداري/7 - 6 | D8: =IF(AND(G8="",H8="",I8=""),"",IF(COUNTIFS(LISTS!$A$2:$A$67,G8,LISTS!$B$2:$B$67,H8,LISTS!$C$2:$C$67,I8)=0,"✗ هرم",IF(NOT(OR(Z8="ممتاز 100%",Z8="جيد 80%",Z8="مقبول 60%",Z8="خطر 40%",Z8="")),"✗ قائمة R",IF(NOT(OR(AA8="ممتاز 100%",AA8="جيد 85%",AA8="مقبول 70%",AA8="ضعيف 50%",AA8="")),"✗ قائمة S",IF(NOT(OR(AB8="مكتمل 100%",AB8="جزئي 60%",AB8="معلق 30%",AB8="مفتوح 0%",AB8="")),"✗ قائمة T",IF(NOT(OR(AC8="لا خصم 0",AC8="تأخير −5",AC8="عجز −10",AC8="جودة −15",AC8="امتثال −20",AC8="مخالفة −25",AC8="")),"✗ قائمة U",IF(AND(X8="لا",AC8<>"",AC8<>"لا خصم 0"),"✗ خصم",IF(AND(X8="نعم",AC8="لا خصم 0"),"✗ خصم",IF(AND(Z8="ممتاز 100%",AA8="ممتاز 100%",AB8<>"",AB8<>"مكتمل 100%"),"✗ إغلاق",IFERROR(IF(LEN(_xlfn.TEXTJOIN("، ",TRUE,IF(E8="","التاريخ",""),IF(F8="","الوقت",""),IF(G8="","المركز",""),IF(H8="","الدائرة",""),IF(I8="","القسم",""),IF(J8="","المسؤول",""),IF(K8="","نوع النشاط",""),IF(L8="","المشروع",""),IF(N8="","الممول",""),IF(V8="","الموضوع",""),IF(W8="","الملاحظة",""),IF(X8="","مشكلة",""),IF(Y8="","الإجراء",""),IF(Z8="","التنفيذ",""),IF(AA8="","الجودة",""),IF(AB8="","الإغلاق",""),IF(AC8="","الخصم",""),IF(AND(COUNTA($O8:$U8)>0,O8=""),"مدير المشروع",""),IF(AND(COUNTA($O8:$U8)>0,P8=""),"المستفيدين",""),IF(AND(COUNTA($O8:$U8)>0,Q8=""),"المناطق",""),IF(AND(COUNTA($O8:$U8)>0,R8=""),"الميزانية",""),IF(AND(COUNTA($O8:$U8)>0,S8=""),"نسبة الجاهزية",""),IF(AND(COUNTA($O8:$U8)>0,T8=""),"حالة الجاهزية",""),IF(AND(COUNTA($O8:$U8)>0,U8=""),"التوصيات","")))>0,"✗ ناقص: "&_xlfn.TEXTJOIN("، ",TRUE,IF(E8="","التاريخ",""),IF(F8="","الوقت",""),IF(G8="","المركز",""),IF(H8="","الدائرة",""),IF(I8="","القسم",""),IF(J8="","المسؤول",""),IF(K8="","نوع النشاط",""),IF(L8="","المشروع",""),IF(N8="","الممول",""),IF(V8="","الموضوع",""),IF(W8="","الملاحظة",""),IF(X8="","مشكلة",""),IF(Y8="","الإجراء",""),IF(Z8="","التنفيذ",""),IF(AA8="","الجودة",""),IF(AB8="","الإغلاق",""),IF(AC8="","الخصم",""),IF(AND(COUNTA($O8:$U8)>0,O8=""),"مدير المشروع",""),IF(AND(COUNTA($O8:$U8)>0,P8=""),"المستفيدين",""),IF(AND(COUNTA($O8:$U8)>0,Q8=""),"المناطق",""),IF(AND(COUNTA($O8:$U8)>0,R8=""),"الميزانية",""),IF(AND(COUNTA($O8:$U8)>0,S8=""),"نسبة الجاهزية",""),IF(AND(COUNTA($O8:$U8)>0,T8=""),"حالة الجاهزية",""),IF(AND(COUNTA($O8:$U8)>0,U8=""),"التوصيات","")),"✓"),"✓")))))))))) -> ✗ ناقص: الممول | E8: 46115 | F8: 0.45833333 | G8: الجمعية | H8: دائرة الاستثمار الخيري | I8: مطبخ الزيناتي / خارجي | J8: جهاد محمد محروس ابو الريش | K8: جودة خدمة | L8: وجبات ساخنة | V8: متابعة وجبات مطبخ دار محسن رمضان — المغازي والنصيرات (3 أبريل) | W8: 480 وجبة مفرد — المغازي(450)، النصيرات(30) — تقييم ممتاز | X8: لا | Y8: مذكرة تذكيرية | Z8: ممتاز 100% | AA8: ممتاز 100% | AB8: مكتمل 100% | AC8: لا خصم 0 | AD8: سمير نصار | AE8: =IFERROR(VLOOKUP(Z8,LISTS!$AL$2:$AM$1000,2,FALSE()),"") -> 100 | AF8: =IFERROR(VLOOKUP(AA8,LISTS!$AO$2:$AP$1000,2,FALSE()),"") -> 100 | AG8: =IFERROR(VLOOKUP(AB8,LISTS!$AR$2:$AS$1000,2,FALSE()),"") -> 100 | AH8: =IFERROR(VLOOKUP(AC8,LISTS!$AU$2:$AV$1000,2,FALSE()),"") -> 0 | AI8: =IF(OR(AE8="",AF8="",AG8=""),"—",IFERROR(ROUND(AE8*0.4+AF8*0.3+AG8*0.3-IF(ISNUMBER(AH8),AH8,0),1),"⚠️")) -> 100 | AJ8: =IF(AI8="—","—",IF(NOT(ISNUMBER(AI8)),"⚠️",IF(AI8>=98,"🌟 ممتاز جدًا",IF(AI8>=90,"⭐ ممتاز",IF(AI8>=75,"🟢 جيد",IF(AI8>=60,"🟡 مقبول",IF(AI8>=40,"🔴 ضعيف","🚨 خطر شديد"))))))) -> 🌟 ممتاز جدًا | AK8: =IF(E8="","",MONTH(E8)) -> 4 | AL8: =IF(E8="","",YEAR(E8)) -> 2026
A9: =IF(I9<>"",COUNTA($I$2:I9),"") -> 8 | B9: =IF(E9="","",CHOOSE(WEEKDAY(E9,2),"الاثنين","الثلاثاء","الأربعاء","الخميس","الجمعة","السبت","الأحد")) -> السبت | C9: {=IF(E9="","",IF(M9<>"", M9&"/"&SUMPRODUCT((M$2:M9=M9)*1)&" - "&(ROW()-2), "إداري/"&SUMPRODUCT((M$2:M9="")*1)&" - "&(ROW()-2)))} -> إداري/8 - 7 | D9: =IF(AND(G9="",H9="",I9=""),"",IF(COUNTIFS(LISTS!$A$2:$A$67,G9,LISTS!$B$2:$B$67,H9,LISTS!$C$2:$C$67,I9)=0,"✗ هرم",IF(NOT(OR(Z9="ممتاز 100%",Z9="جيد 80%",Z9="مقبول 60%",Z9="خطر 40%",Z9="")),"✗ قائمة R",IF(NOT(OR(AA9="ممتاز 100%",AA9="جيد 85%",AA9="مقبول 70%",AA9="ضعيف 50%",AA9="")),"✗ قائمة S",IF(NOT(OR(AB9="مكتمل 100%",AB9="جزئي 60%",AB9="معلق 30%",AB9="مفتوح 0%",AB9="")),"✗ قائمة T",IF(NOT(OR(AC9="لا خصم 0",AC9="تأخير −5",AC9="عجز −10",AC9="جودة −15",AC9="امتثال −20",AC9="مخالفة −25",AC9="")),"✗ قائمة U",IF(AND(X9="لا",AC9<>"",AC9<>"لا خصم 0"),"✗ خصم",IF(AND(X9="نعم",AC9="لا خصم 0"),"✗ خصم",IF(AND(Z9="ممتاز 100%",AA9="ممتاز 100%",AB9<>"",AB9<>"مكتمل 100%"),"✗ إغلاق",IFERROR(IF(LEN(_xlfn.TEXTJOIN("، ",TRUE,IF(E9="","التاريخ",""),IF(F9="","الوقت",""),IF(G9="","المركز",""),IF(H9="","الدائرة",""),IF(I9="","القسم",""),IF(J9="","المسؤول",""),IF(K9="","نوع النشاط",""),IF(L9="","المشروع",""),IF(N9="","الممول",""),IF(V9="","الموضوع",""),IF(W9="","الملاحظة",""),IF(X9="","مشكلة",""),IF(Y9="","الإجراء",""),IF(Z9="","التنفيذ",""),IF(AA9="","الجودة",""),IF(AB9="","الإغلاق",""),IF(AC9="","الخصم",""),IF(AND(COUNTA($O9:$U9)>0,O9=""),"مدير المشروع",""),IF(AND(COUNTA($O9:$U9)>0,P9=""),"المستفيدين",""),IF(AND(COUNTA($O9:$U9)>0,Q9=""),"المناطق",""),IF(AND(COUNTA($O9:$U9)>0,R9=""),"الميزانية",""),IF(AND(COUNTA($O9:$U9)>0,S9=""),"نسبة الجاهزية",""),IF(AND(COUNTA($O9:$U9)>0,T9=""),"حالة الجاهزية",""),IF(AND(COUNTA($O9:$U9)>0,U9=""),"التوصيات","")))>0,"✗ ناقص: "&_xlfn.TEXTJOIN("، ",TRUE,IF(E9="","التاريخ",""),IF(F9="","الوقت",""),IF(G9="","المركز",""),IF(H9="","الدائرة",""),IF(I9="","القسم",""),IF(J9="","المسؤول",""),IF(K9="","نوع النشاط",""),IF(L9="","المشروع",""),IF(N9="","الممول",""),IF(V9="","الموضوع",""),IF(W9="","الملاحظة",""),IF(X9="","مشكلة",""),IF(Y9="","الإجراء",""),IF(Z9="","التنفيذ",""),IF(AA9="","الجودة",""),IF(AB9="","الإغلاق",""),IF(AC9="","الخصم",""),IF(AND(COUNTA($O9:$U9)>0,O9=""),"مدير المشروع",""),IF(AND(COUNTA($O9:$U9)>0,P9=""),"المستفيدين",""),IF(AND(COUNTA($O9:$U9)>0,Q9=""),"المناطق",""),IF(AND(COUNTA($O9:$U9)>0,R9=""),"الميزانية",""),IF(AND(COUNTA($O9:$U9)>0,S9=""),"نسبة الجاهزية",""),IF(AND(COUNTA($O9:$U9)>0,T9=""),"حالة الجاهزية",""),IF(AND(COUNTA($O9:$U9)>0,U9=""),"التوصيات","")),"✓"),"✓")))))))))) -> ✓ | E9: 46116 | F9: 0.5625 | G9: الجمعية | H9: دائرة المشاريع والتسويق والإعلام | I9: مكتب خانيونس | J9: جهاد محمد محروس ابو الريش | K9: جودة خدمة | L9: وجبات ساخنة | N9: هيومن ابيل | V9: متابعة وجبات مطبخ الأخوة — خانيونس (4 أبريل) | W9: 3400 وجبة فردي (85ج لحمة+300ج رز) — ناصر(600)، الكويتي(300)، أطباء بلا حدود(200)، السلطان(550)، الشهم(400)، المستقبل(600)، شريان الحياة(750) — استلام 13:30، توزيع 15:15 — ملاحظة: تأخير من المطبخ | X9: نعم | Y9: إشعار رسمي | Z9: ممتاز 100% | AA9: ممتاز 100% | AB9: مكتمل 100% | AC9: تأخير −5 | AD9: سمير نصار | AE9: =IFERROR(VLOOKUP(Z9,LISTS!$AL$2:$AM$1000,2,FALSE()),"") -> 100 | AF9: =IFERROR(VLOOKUP(AA9,LISTS!$AO$2:$AP$1000,2,FALSE()),"") -> 100 | AG9: =IFERROR(VLOOKUP(AB9,LISTS!$AR$2:$AS$1000,2,FALSE()),"") -> 100 | AH9: =IFERROR(VLOOKUP(AC9,LISTS!$AU$2:$AV$1000,2,FALSE()),"") -> 5 | AI9: =IF(OR(AE9="",AF9="",AG9=""),"—",IFERROR(ROUND(AE9*0.4+AF9*0.3+AG9*0.3-IF(ISNUMBER(AH9),AH9,0),1),"⚠️")) -> 95 | AJ9: =IF(AI9="—","—",IF(NOT(ISNUMBER(AI9)),"⚠️",IF(AI9>=98,"🌟 ممتاز جدًا",IF(AI9>=90,"⭐ ممتاز",IF(AI9>=75,"🟢 جيد",IF(AI9>=60,"🟡 مقبول",IF(AI9>=40,"🔴 ضعيف","🚨 خطر شديد"))))))) -> ⭐ ممتاز | AK9: =IF(E9="","",MONTH(E9)) -> 4 | AL9: =IF(E9="","",YEAR(E9)) -> 2026
A10: =IF(I10<>"",COUNTA($I$2:I10),"") -> 9 | B10: =IF(E10="","",CHOOSE(WEEKDAY(E10,2),"الاثنين","الثلاثاء","الأربعاء","الخميس","الجمعة","السبت","الأحد")) -> الأربعاء | C10: توزيع الوجبات الغذائية | D10: =IF(AND(G10="",H10="",I10=""),"",IF(COUNTIFS(LISTS!$A$2:$A$67,G10,LISTS!$B$2:$B$67,H10,LISTS!$C$2:$C$67,I10)=0,"✗ هرم",IF(NOT(OR(Z10="ممتاز 100%",Z10="جيد 80%",Z10="مقبول 60%",Z10="خطر 40%",Z10="")),"✗ قائمة R",IF(NOT(OR(AA10="ممتاز 100%",AA10="جيد 85%",AA10="مقبول 70%",AA10="ضعيف 50%",AA10="")),"✗ قائمة S",IF(NOT(OR(AB10="مكتمل 100%",AB10="جزئي 60%",AB10="معلق 30%",AB10="مفتوح 0%",AB10="")),"✗ قائمة T",IF(NOT(OR(AC10="لا خصم 0",AC10="تأخير −5",AC10="عجز −10",AC10="جودة −15",AC10="امتثال −20",AC10="مخالفة −25",AC10="")),"✗ قائمة U",IF(AND(X10="لا",AC10<>"",AC10<>"لا خصم 0"),"✗ خصم",IF(AND(X10="نعم",AC10="لا خصم 0"),"✗ خصم",IF(AND(Z10="ممتاز 100%",AA10="ممتاز 100%",AB10<>"",AB10<>"مكتمل 100%"),"✗ إغلاق",IFERROR(IF(LEN(_xlfn.TEXTJOIN("، ",TRUE,IF(E10="","التاريخ",""),IF(F10="","الوقت",""),IF(G10="","المركز",""),IF(H10="","الدائرة",""),IF(I10="","القسم",""),IF(J10="","المسؤول",""),IF(K10="","نوع النشاط",""),IF(L10="","المشروع",""),IF(N10="","الممول",""),IF(V10="","الموضوع",""),IF(W10="","الملاحظة",""),IF(X10="","مشكلة",""),IF(Y10="","الإجراء",""),IF(Z10="","التنفيذ",""),IF(AA10="","الجودة",""),IF(AB10="","الإغلاق",""),IF(AC10="","الخصم",""),IF(AND(COUNTA($O10:$U10)>0,O10=""),"مدير المشروع",""),IF(AND(COUNTA($O10:$U10)>0,P10=""),"المستفيدين",""),IF(AND(COUNTA($O10:$U10)>0,Q10=""),"المناطق",""),IF(AND(COUNTA($O10:$U10)>0,R10=""),"الميزانية",""),IF(AND(COUNTA($O10:$U10)>0,S10=""),"نسبة الجاهزية",""),IF(AND(COUNTA($O10:$U10)>0,T10=""),"حالة الجاهزية",""),IF(AND(COUNTA($O10:$U10)>0,U10=""),"التوصيات","")))>0,"✗ ناقص: "&_xlfn.TEXTJOIN("، ",TRUE,IF(E10="","التاريخ",""),IF(F10="","الوقت",""),IF(G10="","المركز",""),IF(H10="","الدائرة",""),IF(I10="","القسم",""),IF(J10="","المسؤول",""),IF(K10="","نوع النشاط",""),IF(L10="","المشروع",""),IF(N10="","الممول",""),IF(V10="","الموضوع",""),IF(W10="","الملاحظة",""),IF(X10="","مشكلة",""),IF(Y10="","الإجراء",""),IF(Z10="","التنفيذ",""),IF(AA10="","الجودة",""),IF(AB10="","الإغلاق",""),IF(AC10="","الخصم",""),IF(AND(COUNTA($O10:$U10)>0,O10=""),"مدير المشروع",""),IF(AND(COUNTA($O10:$U10)>0,P10=""),"المستفيدين",""),IF(AND(COUNTA($O10:$U10)>0,Q10=""),"المناطق",""),IF(AND(COUNTA($O10:$U10)>0,R10=""),"الميزانية",""),IF(AND(COUNTA($O10:$U10)>0,S10=""),"نسبة الجاهزية",""),IF(AND(COUNTA($O10:$U10)>0,T10=""),"حالة الجاهزية",""),IF(AND(COUNTA($O10:$U10)>0,U10=""),"التوصيات","")),"✓"),"✓")))))))))) -> ✗ هرم | E10: 46120 | F10: 0.39583333 | G10: رقم ونوع المشروع | H10: دائرة المشاريع والتسويق والإعلام | I10: غذائي/912 | K10: فحص سلامة | L10: متابعة السيارات | V10: فحص سيارة تويوتا | W10: فحص زيت ومياه وتدقيق كشف حركة السيارة — سير طبيعي | X10: لا | Y10: مذكرة تذكيرية | Z10: ممتاز 100% | AA10: ممتاز 100% | AB10: مكتمل 100% | AC10: لا خصم 0 | AD10: اياد أبو عبدو | AE10: =IFERROR(VLOOKUP(Z10,LISTS!$AL$2:$AM$1000,2,FALSE()),"") -> 100 | AF10: =IFERROR(VLOOKUP(AA10,LISTS!$AO$2:$AP$1000,2,FALSE()),"") -> 100 | AG10: =IFERROR(VLOOKUP(AB10,LISTS!$AR$2:$AS$1000,2,FALSE()),"") -> 100 | AH10: =IFERROR(VLOOKUP(AC10,LISTS!$AU$2:$AV$1000,2,FALSE()),"") -> 0 | AI10: =IF(OR(AE10="",AF10="",AG10=""),"—",IFERROR(ROUND(AE10*0.4+AF10*0.3+AG10*0.3-IF(ISNUMBER(AH10),AH10,0),1),"⚠️")) -> 100 | AJ10: =IF(AI10="—","—",IF(NOT(ISNUMBER(AI10)),"⚠️",IF(AI10>=98,"🌟 ممتاز جدًا",IF(AI10>=90,"⭐ ممتاز",IF(AI10>=75,"🟢 جيد",IF(AI10>=60,"🟡 مقبول",IF(AI10>=40,"🔴 ضعيف","🚨 خطر شديد"))))))) -> 🌟 ممتاز جدًا | AK10: =IF(E10="","",MONTH(E10)) -> 4 | AL10: =IF(E10="","",YEAR(E10)) -> 2026
A11: =IF(I11<>"",COUNTA($I$2:I11),"") -> 10 | B11: =IF(E11="","",CHOOSE(WEEKDAY(E11,2),"الاثنين","الثلاثاء","الأربعاء","الخميس","الجمعة","السبت","الأحد")) -> الأربعاء | C11: بريدجز لوجيستيكس انترناشونال | D11: =IF(AND(G11="",H11="",I11=""),"",IF(COUNTIFS(LISTS!$A$2:$A$67,G11,LISTS!$B$2:$B$67,H11,LISTS!$C$2:$C$67,I11)=0,"✗ هرم",IF(NOT(OR(Z11="ممتاز 100%",Z11="جيد 80%",Z11="مقبول 60%",Z11="خطر 40%",Z11="")),"✗ قائمة R",IF(NOT(OR(AA11="ممتاز 100%",AA11="جيد 85%",AA11="مقبول 70%",AA11="ضعيف 50%",AA11="")),"✗ قائمة S",IF(NOT(OR(AB11="مكتمل 100%",AB11="جزئي 60%",AB11="معلق 30%",AB11="مفتوح 0%",AB11="")),"✗ قائمة T",IF(NOT(OR(AC11="لا خصم 0",AC11="تأخير −5",AC11="عجز −10",AC11="جودة −15",AC11="امتثال −20",AC11="مخالفة −25",AC11="")),"✗ قائمة U",IF(AND(X11="لا",AC11<>"",AC11<>"لا خصم 0"),"✗ خصم",IF(AND(X11="نعم",AC11="لا خصم 0"),"✗ خصم",IF(AND(Z11="ممتاز 100%",AA11="ممتاز 100%",AB11<>"",AB11<>"مكتمل 100%"),"✗ إغلاق",IFERROR(IF(LEN(_xlfn.TEXTJOIN("، ",TRUE,IF(E11="","التاريخ",""),IF(F11="","الوقت",""),IF(G11="","المركز",""),IF(H11="","الدائرة",""),IF(I11="","القسم",""),IF(J11="","المسؤول",""),IF(K11="","نوع النشاط",""),IF(L11="","المشروع",""),IF(N11="","الممول",""),IF(V11="","الموضوع",""),IF(W11="","الملاحظة",""),IF(X11="","مشكلة",""),IF(Y11="","الإجراء",""),IF(Z11="","التنفيذ",""),IF(AA11="","الجودة",""),IF(AB11="","الإغلاق",""),IF(AC11="","الخصم",""),IF(AND(COUNTA($O11:$U11)>0,O11=""),"مدير المشروع",""),IF(AND(COUNTA($O11:$U11)>0,P11=""),"المستفيدين",""),IF(AND(COUNTA($O11:$U11)>0,Q11=""),"المناطق",""),IF(AND(COUNTA($O11:$U11)>0,R11=""),"الميزانية",""),IF(AND(COUNTA($O11:$U11)>0,S11=""),"نسبة الجاهزية",""),IF(AND(COUNTA($O11:$U11)>0,T11=""),"حالة الجاهزية",""),IF(AND(COUNTA($O11:$U11)>0,U11=""),"التوصيات","")))>0,"✗ ناقص: "&_xlfn.TEXTJOIN("، ",TRUE,IF(E11="","التاريخ",""),IF(F11="","الوقت",""),IF(G11="","المركز",""),IF(H11="","الدائرة",""),IF(I11="","القسم",""),IF(J11="","المسؤول",""),IF(K11="","نوع النشاط",""),IF(L11="","المشروع",""),IF(N11="","الممول",""),IF(V11="","الموضوع",""),IF(W11="","الملاحظة",""),IF(X11="","مشكلة",""),IF(Y11="","الإجراء",""),IF(Z11="","التنفيذ",""),IF(AA11="","الجودة",""),IF(AB11="","الإغلاق",""),IF(AC11="","الخصم",""),IF(AND(COUNTA($O11:$U11)>0,O11=""),"مدير المشروع",""),IF(AND(COUNTA($O11:$U11)>0,P11=""),"المستفيدين",""),IF(AND(COUNTA($O11:$U11)>0,Q11=""),"المناطق",""),IF(AND(COUNTA($O11:$U11)>0,R11=""),"الميزانية",""),IF(AND(COUNTA($O11:$U11)>0,S11=""),"نسبة الجاهزية",""),IF(AND(COUNTA($O11:$U11)>0,T11=""),"حالة الجاهزية",""),IF(AND(COUNTA($O11:$U11)>0,U11=""),"التوصيات","")),"✓"),"✓")))))))))) -> ✗ هرم | E11: 46120 | F11: 0.39583333 | G11: مندوب المشتريات | H11: دائرة المشاريع والتسويق والإعلام | I11: هاني رمانة | K11: فحص سلامة | L11: متابعة السيارات | V11: فحص سيارة كرافت | W11: فحص زيت ومياه وتدقيق كشف حركة السيارة — سير طبيعي | X11: لا | Y11: مذكرة تذكيرية | Z11: ممتاز 100% | AA11: ممتاز 100% | AB11: مكتمل 100% | AC11: لا خصم 0 | AD11: اياد أبو عبدو | AE11: =IFERROR(VLOOKUP(Z11,LISTS!$AL$2:$AM$1000,2,FALSE()),"") -> 100 | AF11: =IFERROR(VLOOKUP(AA11,LISTS!$AO$2:$AP$1000,2,FALSE()),"") -> 100 | AG11: =IFERROR(VLOOKUP(AB11,LISTS!$AR$2:$AS$1000,2,FALSE()),"") -> 100 | AH11: =IFERROR(VLOOKUP(AC11,LISTS!$AU$2:$AV$1000,2,FALSE()),"") -> 0 | AI11: =IF(OR(AE11="",AF11="",AG11=""),"—",IFERROR(ROUND(AE11*0.4+AF11*0.3+AG11*0.3-IF(ISNUMBER(AH11),AH11,0),1),"⚠️")) -> 100 | AJ11: =IF(AI11="—","—",IF(NOT(ISNUMBER(AI11)),"⚠️",IF(AI11>=98,"🌟 ممتاز جدًا",IF(AI11>=90,"⭐ ممتاز",IF(AI11>=75,"🟢 جيد",IF(AI11>=60,"🟡 مقبول",IF(AI11>=40,"🔴 ضعيف","🚨 خطر شديد"))))))) -> 🌟 ممتاز جدًا | AK11: =IF(E11="","",MONTH(E11)) -> 4 | AL11: =IF(E11="","",YEAR(E11)) -> 2026
A12: =IF(I12<>"",COUNTA($I$2:I12),"") -> 11 | B12: =IF(E12="","",CHOOSE(WEEKDAY(E12,2),"الاثنين","الثلاثاء","الأربعاء","الخميس","الجمعة","السبت","الأحد")) -> الأربعاء | C12: فاطمة عرمانة | D12: =IF(AND(G12="",H12="",I12=""),"",IF(COUNTIFS(LISTS!$A$2:$A$67,G12,LISTS!$B$2:$B$67,H12,LISTS!$C$2:$C$67,I12)=0,"✗ هرم",IF(NOT(OR(Z12="ممتاز 100%",Z12="جيد 80%",Z12="مقبول 60%",Z12="خطر 40%",Z12="")),"✗ قائمة R",IF(NOT(OR(AA12="ممتاز 100%",AA12="جيد 85%",AA12="مقبول 70%",AA12="ضعيف 50%",AA12="")),"✗ قائمة S",IF(NOT(OR(AB12="مكتمل 100%",AB12="جزئي 60%",AB12="معلق 30%",AB12="مفتوح 0%",AB12="")),"✗ قائمة T",IF(NOT(OR(AC12="لا خصم 0",AC12="تأخير −5",AC12="عجز −10",AC12="جودة −15",AC12="امتثال −20",AC12="مخالفة −25",AC12="")),"✗ قائمة U",IF(AND(X12="لا",AC12<>"",AC12<>"لا خصم 0"),"✗ خصم",IF(AND(X12="نعم",AC12="لا خصم 0"),"✗ خصم",IF(AND(Z12="ممتاز 100%",AA12="ممتاز 100%",AB12<>"",AB12<>"مكتمل 100%"),"✗ إغلاق",IFERROR(IF(LEN(_xlfn.TEXTJOIN("، ",TRUE,IF(E12="","التاريخ",""),IF(F12="","الوقت",""),IF(G12="","المركز",""),IF(H12="","الدائرة",""),IF(I12="","القسم",""),IF(J12="","المسؤول",""),IF(K12="","نوع النشاط",""),IF(L12="","المشروع",""),IF(N12="","الممول",""),IF(V12="","الموضوع",""),IF(W12="","الملاحظة",""),IF(X12="","مشكلة",""),IF(Y12="","الإجراء",""),IF(Z12="","التنفيذ",""),IF(AA12="","الجودة",""),IF(AB12="","الإغلاق",""),IF(AC12="","الخصم",""),IF(AND(COUNTA($O12:$U12)>0,O12=""),"مدير المشروع",""),IF(AND(COUNTA($O12:$U12)>0,P12=""),"المستفيدين",""),IF(AND(COUNTA($O12:$U12)>0,Q12=""),"المناطق",""),IF(AND(COUNTA($O12:$U12)>0,R12=""),"الميزانية",""),IF(AND(COUNTA($O12:$U12)>0,S12=""),"نسبة الجاهزية",""),IF(AND(COUNTA($O12:$U12)>0,T12=""),"حالة الجاهزية",""),IF(AND(COUNTA($O12:$U12)>0,U12=""),"التوصيات","")))>0,"✗ ناقص: "&_xlfn.TEXTJOIN("، ",TRUE,IF(E12="","التاريخ",""),IF(F12="","الوقت",""),IF(G12="","المركز",""),IF(H12="","الدائرة",""),IF(I12="","القسم",""),IF(J12="","المسؤول",""),IF(K12="","نوع النشاط",""),IF(L12="","المشروع",""),IF(N12="","الممول",""),IF(V12="","الموضوع",""),IF(W12="","الملاحظة",""),IF(X12="","مشكلة",""),IF(Y12="","الإجراء",""),IF(Z12="","التنفيذ",""),IF(AA12="","الجودة",""),IF(AB12="","الإغلاق",""),IF(AC12="","الخصم",""),IF(AND(COUNTA($O12:$U12)>0,O12=""),"مدير المشروع",""),IF(AND(COUNTA($O12:$U12)>0,P12=""),"المستفيدين",""),IF(AND(COUNTA($O12:$U12)>0,Q12=""),"المناطق",""),IF(AND(COUNTA($O12:$U12)>0,R12=""),"الميزانية",""),IF(AND(COUNTA($O12:$U12)>0,S12=""),"نسبة الجاهزية",""),IF(AND(COUNTA($O12:$U12)>0,T12=""),"حالة الجاهزية",""),IF(AND(COUNTA($O12:$U12)>0,U12=""),"التوصيات","")),"✓"),"✓")))))))))) -> ✗ هرم | E12: 46120 | F12: 0.45833333 | G12: منسق المشروع | H12: دائرة الشؤون المالية | I12: جهاد أبو الريش / انيس حسن | J12: محمد إبراهيم عودة بدوان | K12: فحص مخزون | V12: متابعة استلام رول كاشير — مركز يافا | W12: استلام 150 رول كاشير وتسليمها لمركز يافا | X12: لا | Y12: مذكرة تذكيرية | Z12: ممتاز 100% | AA12: ممتاز 100% | AB12: مكتمل 100% | AC12: لا خصم 0 | AD12: اياد أبو عبدو | AE12: =IFERROR(VLOOKUP(Z12,LISTS!$AL$2:$AM$1000,2,FALSE()),"") -> 100 | AF12: =IFERROR(VLOOKUP(AA12,LISTS!$AO$2:$AP$1000,2,FALSE()),"") -> 100 | AG12: =IFERROR(VLOOKUP(AB12,LISTS!$AR$2:$AS$1000,2,FALSE()),"") -> 100 | AH12: =IFERROR(VLOOKUP(AC12,LISTS!$AU$2:$AV$1000,2,FALSE()),"") -> 0 | AI12: =IF(OR(AE12="",AF12="",AG12=""),"—",IFERROR(ROUND(AE12*0.4+AF12*0.3+AG12*0.3-IF(ISNUMBER(AH12),AH12,0),1),"⚠️")) -> 100 | AJ12: =IF(AI12="—","—",IF(NOT(ISNUMBER(AI12)),"⚠️",IF(AI12>=98,"🌟 ممتاز جدًا",IF(AI12>=90,"⭐ ممتاز",IF(AI12>=75,"🟢 جيد",IF(AI12>=60,"🟡 مقبول",IF(AI12>=40,"🔴 ضعيف","🚨 خطر شديد"))))))) -> 🌟 ممتاز جدًا | AK12: =IF(E12="","",MONTH(E12)) -> 4 | AL12: =IF(E12="","",YEAR(E12)) -> 2026
A13: =IF(I13<>"",COUNTA($I$2:I13),"") -> 12 | B13: =IF(E13="","",CHOOSE(WEEKDAY(E13,2),"الاثنين","الثلاثاء","الأربعاء","الخميس","الجمعة","السبت","الأحد")) -> الخميس | C13: 21 – 25/ يونيو 2026 | D13: =IF(AND(G13="",H13="",I13=""),"",IF(COUNTIFS(LISTS!$A$2:$A$67,G13,LISTS!$B$2:$B$67,H13,LISTS!$C$2:$C$67,I13)=0,"✗ هرم",IF(NOT(OR(Z13="ممتاز 100%",Z13="جيد 80%",Z13="مقبول 60%",Z13="خطر 40%",Z13="")),"✗ قائمة R",IF(NOT(OR(AA13="ممتاز 100%",AA13="جيد 85%",AA13="مقبول 70%",AA13="ضعيف 50%",AA13="")),"✗ قائمة S",IF(NOT(OR(AB13="مكتمل 100%",AB13="جزئي 60%",AB13="معلق 30%",AB13="مفتوح 0%",AB13="")),"✗ قائمة T",IF(NOT(OR(AC13="لا خصم 0",AC13="تأخير −5",AC13="عجز −10",AC13="جودة −15",AC13="امتثال −20",AC13="مخالفة −25",AC13="")),"✗ قائمة U",IF(AND(X13="لا",AC13<>"",AC13<>"لا خصم 0"),"✗ خصم",IF(AND(X13="نعم",AC13="لا خصم 0"),"✗ خصم",IF(AND(Z13="ممتاز 100%",AA13="ممتاز 100%",AB13<>"",AB13<>"مكتمل 100%"),"✗ إغلاق",IFERROR(IF(LEN(_xlfn.TEXTJOIN("، ",TRUE,IF(E13="","التاريخ",""),IF(F13="","الوقت",""),IF(G13="","المركز",""),IF(H13="","الدائرة",""),IF(I13="","القسم",""),IF(J13="","المسؤول",""),IF(K13="","نوع النشاط",""),IF(L13="","المشروع",""),IF(N13="","الممول",""),IF(V13="","الموضوع",""),IF(W13="","الملاحظة",""),IF(X13="","مشكلة",""),IF(Y13="","الإجراء",""),IF(Z13="","التنفيذ",""),IF(AA13="","الجودة",""),IF(AB13="","الإغلاق",""),IF(AC13="","الخصم",""),IF(AND(COUNTA($O13:$U13)>0,O13=""),"مدير المشروع",""),IF(AND(COUNTA($O13:$U13)>0,P13=""),"المستفيدين",""),IF(AND(COUNTA($O13:$U13)>0,Q13=""),"المناطق",""),IF(AND(COUNTA($O13:$U13)>0,R13=""),"الميزانية",""),IF(AND(COUNTA($O13:$U13)>0,S13=""),"نسبة الجاهزية",""),IF(AND(COUNTA($O13:$U13)>0,T13=""),"حالة الجاهزية",""),IF(AND(COUNTA($O13:$U13)>0,U13=""),"التوصيات","")))>0,"✗ ناقص: "&_xlfn.TEXTJOIN("، ",TRUE,IF(E13="","التاريخ",""),IF(F13="","الوقت",""),IF(G13="","المركز",""),IF(H13="","الدائرة",""),IF(I13="","القسم",""),IF(J13="","المسؤول",""),IF(K13="","نوع النشاط",""),IF(L13="","المشروع",""),IF(N13="","الممول",""),IF(V13="","الموضوع",""),IF(W13="","الملاحظة",""),IF(X13="","مشكلة",""),IF(Y13="","الإجراء",""),IF(Z13="","التنفيذ",""),IF(AA13="","الجودة",""),IF(AB13="","الإغلاق",""),IF(AC13="","الخصم",""),IF(AND(COUNTA($O13:$U13)>0,O13=""),"مدير المشروع",""),IF(AND(COUNTA($O13:$U13)>0,P13=""),"المستفيدين",""),IF(AND(COUNTA($O13:$U13)>0,Q13=""),"المناطق",""),IF(AND(COUNTA($O13:$U13)>0,R13=""),"الميزانية",""),IF(AND(COUNTA($O13:$U13)>0,S13=""),"نسبة الجاهزية",""),IF(AND(COUNTA($O13:$U13)>0,T13=""),"حالة الجاهزية",""),IF(AND(COUNTA($O13:$U13)>0,U13=""),"التوصيات","")),"✓"),"✓")))))))))) -> ✗ هرم | E13: 46121 | F13: 0.5 | G13: الجمعية | H13: دائرة الشؤون المالية | I13: مخيم المناصرة / مخيم أبو هاشم | J13: محمد إبراهيم عودة بدوان | K13: فحص مخزون | V13: متابعة استلام مواد غذائية — قسم المخازن | W13: 250 كيلو سكر + 100 وقية قهوة بن زحيمان | X13: لا | Y13: مذكرة تذكيرية | Z13: ممتاز 100% | AA13: ممتاز 100% | AB13: مكتمل 100% | AC13: لا خصم 0 | AD13: اياد أبو عبدو | AE13: =IFERROR(VLOOKUP(Z13,LISTS!$AL$2:$AM$1000,2,FALSE()),"") -> 100 | AF13: =IFERROR(VLOOKUP(AA13,LISTS!$AO$2:$AP$1000,2,FALSE()),"") -> 100 | AG13: =IFERROR(VLOOKUP(AB13,LISTS!$AR$2:$AS$1000,2,FALSE()),"") -> 100 | AH13: =IFERROR(VLOOKUP(AC13,LISTS!$AU$2:$AV$1000,2,FALSE()),"") -> 0 | AI13: =IF(OR(AE13="",AF13="",AG13=""),"—",IFERROR(ROUND(AE13*0.4+AF13*0.3+AG13*0.3-IF(ISNUMBER(AH13),AH13,0),1),"⚠️")) -> 100 | AJ13: =IF(AI13="—","—",IF(NOT(ISNUMBER(AI13)),"⚠️",IF(AI13>=98,"🌟 ممتاز جدًا",IF(AI13>=90,"⭐ ممتاز",IF(AI13>=75,"🟢 جيد",IF(AI13>=60,"🟡 مقبول",IF(AI13>=40,"🔴 ضعيف","🚨 خطر شديد"))))))) -> 🌟 ممتاز جدًا | AK13: =IF(E13="","",MONTH(E13)) -> 4 | AL13: =IF(E13="","",YEAR(E13)) -> 2026
A14: =IF(I14<>"",COUNTA($I$2:I14),"") -> 13 | B14: =IF(E14="","",CHOOSE(WEEKDAY(E14,2),"الاثنين","الثلاثاء","الأربعاء","الخميس","الجمعة","السبت","الأحد")) -> الخميس | C14: {=IF(E14="","",IF(M14<>"", M14&"/"&SUMPRODUCT((M$2:M14=M14)*1)&" - "&(ROW()-2), "إداري/"&SUMPRODUCT((M$2:M14="")*1)&" - "&(ROW()-2)))} -> إداري/13 - 12 | D14: =IF(AND(G14="",H14="",I14=""),"",IF(COUNTIFS(LISTS!$A$2:$A$67,G14,LISTS!$B$2:$B$67,H14,LISTS!$C$2:$C$67,I14)=0,"✗ هرم",IF(NOT(OR(Z14="ممتاز 100%",Z14="جيد 80%",Z14="مقبول 60%",Z14="خطر 40%",Z14="")),"✗ قائمة R",IF(NOT(OR(AA14="ممتاز 100%",AA14="جيد 85%",AA14="مقبول 70%",AA14="ضعيف 50%",AA14="")),"✗ قائمة S",IF(NOT(OR(AB14="مكتمل 100%",AB14="جزئي 60%",AB14="معلق 30%",AB14="مفتوح 0%",AB14="")),"✗ قائمة T",IF(NOT(OR(AC14="لا خصم 0",AC14="تأخير −5",AC14="عجز −10",AC14="جودة −15",AC14="امتثال −20",AC14="مخالفة −25",AC14="")),"✗ قائمة U",IF(AND(X14="لا",AC14<>"",AC14<>"لا خصم 0"),"✗ خصم",IF(AND(X14="نعم",AC14="لا خصم 0"),"✗ خصم",IF(AND(Z14="ممتاز 100%",AA14="ممتاز 100%",AB14<>"",AB14<>"مكتمل 100%"),"✗ إغلاق",IFERROR(IF(LEN(_xlfn.TEXTJOIN("، ",TRUE,IF(E14="","التاريخ",""),IF(F14="","الوقت",""),IF(G14="","المركز",""),IF(H14="","الدائرة",""),IF(I14="","القسم",""),IF(J14="","المسؤول",""),IF(K14="","نوع النشاط",""),IF(L14="","المشروع",""),IF(N14="","الممول",""),IF(V14="","الموضوع",""),IF(W14="","الملاحظة",""),IF(X14="","مشكلة",""),IF(Y14="","الإجراء",""),IF(Z14="","التنفيذ",""),IF(AA14="","الجودة",""),IF(AB14="","الإغلاق",""),IF(AC14="","الخصم",""),IF(AND(COUNTA($O14:$U14)>0,O14=""),"مدير المشروع",""),IF(AND(COUNTA($O14:$U14)>0,P14=""),"المستفيدين",""),IF(AND(COUNTA($O14:$U14)>0,Q14=""),"المناطق",""),IF(AND(COUNTA($O14:$U14)>0,R14=""),"الميزانية",""),IF(AND(COUNTA($O14:$U14)>0,S14=""),"نسبة الجاهزية",""),IF(AND(COUNTA($O14:$U14)>0,T14=""),"حالة الجاهزية",""),IF(AND(COUNTA($O14:$U14)>0,U14=""),"التوصيات","")))>0,"✗ ناقص: "&_xlfn.TEXTJOIN("، ",TRUE,IF(E14="","التاريخ",""),IF(F14="","الوقت",""),IF(G14="","المركز",""),IF(H14="","الدائرة",""),IF(I14="","القسم",""),IF(J14="","المسؤول",""),IF(K14="","نوع النشاط",""),IF(L14="","المشروع",""),IF(N14="","الممول",""),IF(V14="","الموضوع",""),IF(W14="","الملاحظة",""),IF(X14="","مشكلة",""),IF(Y14="","الإجراء",""),IF(Z14="","التنفيذ",""),IF(AA14="","الجودة",""),IF(AB14="","الإغلاق",""),IF(AC14="","الخصم",""),IF(AND(COUNTA($O14:$U14)>0,O14=""),"مدير المشروع",""),IF(AND(COUNTA($O14:$U14)>0,P14=""),"المستفيدين",""),IF(AND(COUNTA($O14:$U14)>0,Q14=""),"المناطق",""),IF(AND(COUNTA($O14:$U14)>0,R14=""),"الميزانية",""),IF(AND(COUNTA($O14:$U14)>0,S14=""),"نسبة الجاهزية",""),IF(AND(COUNTA($O14:$U14)>0,T14=""),"حالة الجاهزية",""),IF(AND(COUNTA($O14:$U14)>0,U14=""),"التوصيات","")),"✓"),"✓")))))))))) -> ✗ ناقص: الممول | E14: 46121 | F14: 0.5 | G14: الجمعية | H14: دائرة الاستثمار الخيري | I14: مطبخ البركة | J14: باسم ديب عبد الله المبحوح | K14: جودة خدمة | L14: وجبات ساخنة | V14: زيارة مطبخ البركة — متابعة تجهيز وجبات | W14: 200 وجبة مفرد تم تجهيزها | X14: لا | Y14: مذكرة تذكيرية | Z14: ممتاز 100% | AA14: ممتاز 100% | AB14: مكتمل 100% | AC14: لا خصم 0 | AD14: اياد أبو عبدو | AE14: =IFERROR(VLOOKUP(Z14,LISTS!$AL$2:$AM$1000,2,FALSE()),"") -> 100 | AF14: =IFERROR(VLOOKUP(AA14,LISTS!$AO$2:$AP$1000,2,FALSE()),"") -> 100 | AG14: =IFERROR(VLOOKUP(AB14,LISTS!$AR$2:$AS$1000,2,FALSE()),"") -> 100 | AH14: =IFERROR(VLOOKUP(AC14,LISTS!$AU$2:$AV$1000,2,FALSE()),"") -> 0 | AI14: =IF(OR(AE14="",AF14="",AG14=""),"—",IFERROR(ROUND(AE14*0.4+AF14*0.3+AG14*0.3-IF(ISNUMBER(AH14),AH14,0),1),"⚠️")) -> 100 | AJ14: =IF(AI14="—","—",IF(NOT(ISNUMBER(AI14)),"⚠️",IF(AI14>=98,"🌟 ممتاز جدًا",IF(AI14>=90,"⭐ ممتاز",IF(AI14>=75,"🟢 جيد",IF(AI14>=60,"🟡 مقبول",IF(AI14>=40,"🔴 ضعيف","🚨 خطر شديد"))))))) -> 🌟 ممتاز جدًا | AK14: =IF(E14="","",MONTH(E14)) -> 4 | AL14: =IF(E14="","",YEAR(E14)) -> 2026
A15: =IF(I15<>"",COUNTA($I$2:I15),"") -> 14 | B15: =IF(E15="","",CHOOSE(WEEKDAY(E15,2),"الاثنين","الثلاثاء","الأربعاء","الخميس","الجمعة","السبت","الأحد")) -> السبت | C15: {=IF(E15="","",IF(M15<>"", M15&"/"&SUMPRODUCT((M$2:M15=M15)*1)&" - "&(ROW()-2), "إداري/"&SUMPRODUCT((M$2:M15="")*1)&" - "&(ROW()-2)))} -> إداري/14 - 13 | D15: =IF(AND(G15="",H15="",I15=""),"",IF(COUNTIFS(LISTS!$A$2:$A$67,G15,LISTS!$B$2:$B$67,H15,LISTS!$C$2:$C$67,I15)=0,"✗ هرم",IF(NOT(OR(Z15="ممتاز 100%",Z15="جيد 80%",Z15="مقبول 60%",Z15="خطر 40%",Z15="")),"✗ قائمة R",IF(NOT(OR(AA15="ممتاز 100%",AA15="جيد 85%",AA15="مقبول 70%",AA15="ضعيف 50%",AA15="")),"✗ قائمة S",IF(NOT(OR(AB15="مكتمل 100%",AB15="جزئي 60%",AB15="معلق 30%",AB15="مفتوح 0%",AB15="")),"✗ قائمة T",IF(NOT(OR(AC15="لا خصم 0",AC15="تأخير −5",AC15="عجز −10",AC15="جودة −15",AC15="امتثال −20",AC15="مخالفة −25",AC15="")),"✗ قائمة U",IF(AND(X15="لا",AC15<>"",AC15<>"لا خصم 0"),"✗ خصم",IF(AND(X15="نعم",AC15="لا خصم 0"),"✗ خصم",IF(AND(Z15="ممتاز 100%",AA15="ممتاز 100%",AB15<>"",AB15<>"مكتمل 100%"),"✗ إغلاق",IFERROR(IF(LEN(_xlfn.TEXTJOIN("، ",TRUE,IF(E15="","التاريخ",""),IF(F15="","الوقت",""),IF(G15="","المركز",""),IF(H15="","الدائرة",""),IF(I15="","القسم",""),IF(J15="","المسؤول",""),IF(K15="","نوع النشاط",""),IF(L15="","المشروع",""),IF(N15="","الممول",""),IF(V15="","الموضوع",""),IF(W15="","الملاحظة",""),IF(X15="","مشكلة",""),IF(Y15="","الإجراء",""),IF(Z15="","التنفيذ",""),IF(AA15="","الجودة",""),IF(AB15="","الإغلاق",""),IF(AC15="","الخصم",""),IF(AND(COUNTA($O15:$U15)>0,O15=""),"مدير المشروع",""),IF(AND(COUNTA($O15:$U15)>0,P15=""),"المستفيدين",""),IF(AND(COUNTA($O15:$U15)>0,Q15=""),"المناطق",""),IF(AND(COUNTA($O15:$U15)>0,R15=""),"الميزانية",""),IF(AND(COUNTA($O15:$U15)>0,S15=""),"نسبة الجاهزية",""),IF(AND(COUNTA($O15:$U15)>0,T15=""),"حالة الجاهزية",""),IF(AND(COUNTA($O15:$U15)>0,U15=""),"التوصيات","")))>0,"✗ ناقص: "&_xlfn.TEXTJOIN("، ",TRUE,IF(E15="","التاريخ",""),IF(F15="","الوقت",""),IF(G15="","المركز",""),IF(H15="","الدائرة",""),IF(I15="","القسم",""),IF(J15="","المسؤول",""),IF(K15="","نوع النشاط",""),IF(L15="","المشروع",""),IF(N15="","الممول",""),IF(V15="","الموضوع",""),IF(W15="","الملاحظة",""),IF(X15="","مشكلة",""),IF(Y15="","الإجراء",""),IF(Z15="","التنفيذ",""),IF(AA15="","الجودة",""),IF(AB15="","الإغلاق",""),IF(AC15="","الخصم",""),IF(AND(COUNTA($O15:$U15)>0,O15=""),"مدير المشروع",""),IF(AND(COUNTA($O15:$U15)>0,P15=""),"المستفيدين",""),IF(AND(COUNTA($O15:$U15)>0,Q15=""),"المناطق",""),IF(AND(COUNTA($O15:$U15)>0,R15=""),"الميزانية",""),IF(AND(COUNTA($O15:$U15)>0,S15=""),"نسبة الجاهزية",""),IF(AND(COUNTA($O15:$U15)>0,T15=""),"حالة الجاهزية",""),IF(AND(COUNTA($O15:$U15)>0,U15=""),"التوصيات","")),"✓"),"✓")))))))))) -> ✗ ناقص: المسؤول، المشروع، الممول | E15: 46123 | F15: 0.45833333 | G15: المراكز الصحية | H15: الكويتي | I15: قسم اشعة | K15: جودة خدمة | V15: زيارة ميدانية للمستشفى الكويتي — متابعة سير العمل والنظافة | W15: نظافة ممتازة — مقترح توفير أجهزة لتخفيف التجمهر على شباك الحجز — مقترحات لتطوير وتوسيع العمل | X15: لا | Y15: مذكرة تذكيرية | Z15: ممتاز 100% | AA15: ممتاز 100% | AB15: مكتمل 100% | AC15: لا خصم 0 | AD15: اياد أبو عبدو | AE15: =IFERROR(VLOOKUP(Z15,LISTS!$AL$2:$AM$1000,2,FALSE()),"") -> 100 | AF15: =IFERROR(VLOOKUP(AA15,LISTS!$AO$2:$AP$1000,2,FALSE()),"") -> 100 | AG15: =IFERROR(VLOOKUP(AB15,LISTS!$AR$2:$AS$1000,2,FALSE()),"") -> 100 | AH15: =IFERROR(VLOOKUP(AC15,LISTS!$AU$2:$AV$1000,2,FALSE()),"") -> 0 | AI15: =IF(OR(AE15="",AF15="",AG15=""),"—",IFERROR(ROUND(AE15*0.4+AF15*0.3+AG15*0.3-IF(ISNUMBER(AH15),AH15,0),1),"⚠️")) -> 100 | AJ15: =IF(AI15="—","—",IF(NOT(ISNUMBER(AI15)),"⚠️",IF(AI15>=98,"🌟 ممتاز جدًا",IF(AI15>=90,"⭐ ممتاز",IF(AI15>=75,"🟢 جيد",IF(AI15>=60,"🟡 مقبول",IF(AI15>=40,"🔴 ضعيف","🚨 خطر شديد"))))))) -> 🌟 ممتاز جدًا | AK15: =IF(E15="","",MONTH(E15)) -> 4 | AL15: =IF(E15="","",YEAR(E15)) -> 2026
A16: =IF(I16<>"",COUNTA($I$2:I16),"") -> 15 | B16: =IF(E16="","",CHOOSE(WEEKDAY(E16,2),"الاثنين","الثلاثاء","الأربعاء","الخميس","الجمعة","السبت","الأحد")) -> السبت | C16: سمير نصار | D16: =IF(AND(G16="",H16="",I16=""),"",IF(COUNTIFS(LISTS!$A$2:$A$67,G16,LISTS!$B$2:$B$67,H16,LISTS!$C$2:$C$67,I16)=0,"✗ هرم",IF(NOT(OR(Z16="ممتاز 100%",Z16="جيد 80%",Z16="مقبول 60%",Z16="خطر 40%",Z16="")),"✗ قائمة R",IF(NOT(OR(AA16="ممتاز 100%",AA16="جيد 85%",AA16="مقبول 70%",AA16="ضعيف 50%",AA16="")),"✗ قائمة S",IF(NOT(OR(AB16="مكتمل 100%",AB16="جزئي 60%",AB16="معلق 30%",AB16="مفتوح 0%",AB16="")),"✗ قائمة T",IF(NOT(OR(AC16="لا خصم 0",AC16="تأخير −5",AC16="عجز −10",AC16="جودة −15",AC16="امتثال −20",AC16="مخالفة −25",AC16="")),"✗ قائمة U",IF(AND(X16="لا",AC16<>"",AC16<>"لا خصم 0"),"✗ خصم",IF(AND(X16="نعم",AC16="لا خصم 0"),"✗ خصم",IF(AND(Z16="ممتاز 100%",AA16="ممتاز 100%",AB16<>"",AB16<>"مكتمل 100%"),"✗ إغلاق",IFERROR(IF(LEN(_xlfn.TEXTJOIN("، ",TRUE,IF(E16="","التاريخ",""),IF(F16="","الوقت",""),IF(G16="","المركز",""),IF(H16="","الدائرة",""),IF(I16="","القسم",""),IF(J16="","المسؤول",""),IF(K16="","نوع النشاط",""),IF(L16="","المشروع",""),IF(N16="","الممول",""),IF(V16="","الموضوع",""),IF(W16="","الملاحظة",""),IF(X16="","مشكلة",""),IF(Y16="","الإجراء",""),IF(Z16="","التنفيذ",""),IF(AA16="","الجودة",""),IF(AB16="","الإغلاق",""),IF(AC16="","الخصم",""),IF(AND(COUNTA($O16:$U16)>0,O16=""),"مدير المشروع",""),IF(AND(COUNTA($O16:$U16)>0,P16=""),"المستفيدين",""),IF(AND(COUNTA($O16:$U16)>0,Q16=""),"المناطق",""),IF(AND(COUNTA($O16:$U16)>0,R16=""),"الميزانية",""),IF(AND(COUNTA($O16:$U16)>0,S16=""),"نسبة الجاهزية",""),IF(AND(COUNTA($O16:$U16)>0,T16=""),"حالة الجاهزية",""),IF(AND(COUNTA($O16:$U16)>0,U16=""),"التوصيات","")))>0,"✗ ناقص: "&_xlfn.TEXTJOIN("، ",TRUE,IF(E16="","التاريخ",""),IF(F16="","الوقت",""),IF(G16="","المركز",""),IF(H16="","الدائرة",""),IF(I16="","القسم",""),IF(J16="","المسؤول",""),IF(K16="","نوع النشاط",""),IF(L16="","المشروع",""),IF(N16="","الممول",""),IF(V16="","الموضوع",""),IF(W16="","الملاحظة",""),IF(X16="","مشكلة",""),IF(Y16="","الإجراء",""),IF(Z16="","التنفيذ",""),IF(AA16="","الجودة",""),IF(AB16="","الإغلاق",""),IF(AC16="","الخصم",""),IF(AND(COUNTA($O16:$U16)>0,O16=""),"مدير المشروع",""),IF(AND(COUNTA($O16:$U16)>0,P16=""),"المستفيدين",""),IF(AND(COUNTA($O16:$U16)>0,Q16=""),"المناطق",""),IF(AND(COUNTA($O16:$U16)>0,R16=""),"الميزانية",""),IF(AND(COUNTA($O16:$U16)>0,S16=""),"نسبة الجاهزية",""),IF(AND(COUNTA($O16:$U16)>0,T16=""),"حالة الجاهزية",""),IF(AND(COUNTA($O16:$U16)>0,U16=""),"التوصيات","")),"✓"),"✓")))))))))) -> ✗ هرم | E16: 46123 | F16: 0.86111111 | G16: الجمعية | H16: دائرة الشؤون الإدارية | I16: 8000مستفيد | K16: فحص سلامة | V16: زيارة ليلية للحراسة — عمارة السعد | W16: تواجد الحارس في المكان | X16: لا | Y16: مذكرة تذكيرية | Z16: ممتاز 100% | AA16: ممتاز 100% | AB16: مكتمل 100% | AC16: لا خصم 0 | AD16: اياد أبو عبدو | AE16: =IFERROR(VLOOKUP(Z16,LISTS!$AL$2:$AM$1000,2,FALSE()),"") -> 100 | AF16: =IFERROR(VLOOKUP(AA16,LISTS!$AO$2:$AP$1000,2,FALSE()),"") -> 100 | AG16: =IFERROR(VLOOKUP(AB16,LISTS!$AR$2:$AS$1000,2,FALSE()),"") -> 100 | AH16: =IFERROR(VLOOKUP(AC16,LISTS!$AU$2:$AV$1000,2,FALSE()),"") -> 0 | AI16: =IF(OR(AE16="",AF16="",AG16=""),"—",IFERROR(ROUND(AE16*0.4+AF16*0.3+AG16*0.3-IF(ISNUMBER(AH16),AH16,0),1),"⚠️")) -> 100 | AJ16: =IF(AI16="—","—",IF(NOT(ISNUMBER(AI16)),"⚠️",IF(AI16>=98,"🌟 ممتاز جدًا",IF(AI16>=90,"⭐ ممتاز",IF(AI16>=75,"🟢 جيد",IF(AI16>=60,"🟡 مقبول",IF(AI16>=40,"🔴 ضعيف","🚨 خطر شديد"))))))) -> 🌟 ممتاز جدًا | AK16: =IF(E16="","",MONTH(E16)) -> 4 | AL16: =IF(E16="","",YEAR(E16)) -> 2026
A17: =IF(I17<>"",COUNTA($I$2:I17),"") -> 16 | B17: =IF(E17="","",CHOOSE(WEEKDAY(E17,2),"الاثنين","الثلاثاء","الأربعاء","الخميس","الجمعة","السبت","الأحد")) -> السبت | C17: {=IF(E17="","",IF(M17<>"", M17&"/"&SUMPRODUCT((M$2:M17=M17)*1)&" - "&(ROW()-2), "إداري/"&SUMPRODUCT((M$2:M17="")*1)&" - "&(ROW()-2)))} -> إداري/16 - 15 | D17: =IF(AND(G17="",H17="",I17=""),"",IF(COUNTIFS(LISTS!$A$2:$A$67,G17,LISTS!$B$2:$B$67,H17,LISTS!$C$2:$C$67,I17)=0,"✗ هرم",IF(NOT(OR(Z17="ممتاز 100%",Z17="جيد 80%",Z17="مقبول 60%",Z17="خطر 40%",Z17="")),"✗ قائمة R",IF(NOT(OR(AA17="ممتاز 100%",AA17="جيد 85%",AA17="مقبول 70%",AA17="ضعيف 50%",AA17="")),"✗ قائمة S",IF(NOT(OR(AB17="مكتمل 100%",AB17="جزئي 60%",AB17="معلق 30%",AB17="مفتوح 0%",AB17="")),"✗ قائمة T",IF(NOT(OR(AC17="لا خصم 0",AC17="تأخير −5",AC17="عجز −10",AC17="جودة −15",AC17="امتثال −20",AC17="مخالفة −25",AC17="")),"✗ قائمة U",IF(AND(X17="لا",AC17<>"",AC17<>"لا خصم 0"),"✗ خصم",IF(AND(X17="نعم",AC17="لا خصم 0"),"✗ خصم",IF(AND(Z17="ممتاز 100%",AA17="ممتاز 100%",AB17<>"",AB17<>"مكتمل 100%"),"✗ إغلاق",IFERROR(IF(LEN(_xlfn.TEXTJOIN("، ",TRUE,IF(E17="","التاريخ",""),IF(F17="","الوقت",""),IF(G17="","المركز",""),IF(H17="","الدائرة",""),IF(I17="","القسم",""),IF(J17="","المسؤول",""),IF(K17="","نوع النشاط",""),IF(L17="","المشروع",""),IF(N17="","الممول",""),IF(V17="","الموضوع",""),IF(W17="","الملاحظة",""),IF(X17="","مشكلة",""),IF(Y17="","الإجراء",""),IF(Z17="","التنفيذ",""),IF(AA17="","الجودة",""),IF(AB17="","الإغلاق",""),IF(AC17="","الخصم",""),IF(AND(COUNTA($O17:$U17)>0,O17=""),"مدير المشروع",""),IF(AND(COUNTA($O17:$U17)>0,P17=""),"المستفيدين",""),IF(AND(COUNTA($O17:$U17)>0,Q17=""),"المناطق",""),IF(AND(COUNTA($O17:$U17)>0,R17=""),"الميزانية",""),IF(AND(COUNTA($O17:$U17)>0,S17=""),"نسبة الجاهزية",""),IF(AND(COUNTA($O17:$U17)>0,T17=""),"حالة الجاهزية",""),IF(AND(COUNTA($O17:$U17)>0,U17=""),"التوصيات","")))>0,"✗ ناقص: "&_xlfn.TEXTJOIN("، ",TRUE,IF(E17="","التاريخ",""),IF(F17="","الوقت",""),IF(G17="","المركز",""),IF(H17="","الدائرة",""),IF(I17="","القسم",""),IF(J17="","المسؤول",""),IF(K17="","نوع النشاط",""),IF(L17="","المشروع",""),IF(N17="","الممول",""),IF(V17="","الموضوع",""),IF(W17="","الملاحظة",""),IF(X17="","مشكلة",""),IF(Y17="","الإجراء",""),IF(Z17="","التنفيذ",""),IF(AA17="","الجودة",""),IF(AB17="","الإغلاق",""),IF(AC17="","الخصم",""),IF(AND(COUNTA($O17:$U17)>0,O17=""),"مدير المشروع",""),IF(AND(COUNTA($O17:$U17)>0,P17=""),"المستفيدين",""),IF(AND(COUNTA($O17:$U17)>0,Q17=""),"المناطق",""),IF(AND(COUNTA($O17:$U17)>0,R17=""),"الميزانية",""),IF(AND(COUNTA($O17:$U17)>0,S17=""),"نسبة الجاهزية",""),IF(AND(COUNTA($O17:$U17)>0,T17=""),"حالة الجاهزية",""),IF(AND(COUNTA($O17:$U17)>0,U17=""),"التوصيات","")),"✓"),"✓")))))))))) -> ✗ هرم | E17: 46123 | F17: 0.875 | G17: عدد مناطق التنفيذ | H17: دائرة الشؤون الإدارية | I17: 2مناطق | K17: فحص سلامة | V17: زيارة ليلية للحراسة — مركز يافا | W17: تواجد الحراس — كاميرا لا تعمل، نصف الكاميرات تتوقف عند إيقاف الكهرباء، كاميرا باب الكويتي لا تكشف الباب الزينقو، البوابة الرئيسية بدون قفل، الباب الزجاجي الغربي ضعيف بدون قفل، فتحة بجانب الصيدلية تحتاج إغلاق، لا يوجد حمام للحراسة | X17: نعم | Y17: تقرير عاجل | Z17: خطر 40% | AA17: ضعيف 50% | AB17: معلق 30% | AC17: مخالفة −25 | AD17: اياد أبو عبدو | AE17: =IFERROR(VLOOKUP(Z17,LISTS!$AL$2:$AM$1000,2,FALSE()),"") -> 40 | AF17: =IFERROR(VLOOKUP(AA17,LISTS!$AO$2:$AP$1000,2,FALSE()),"") -> 50 | AG17: =IFERROR(VLOOKUP(AB17,LISTS!$AR$2:$AS$1000,2,FALSE()),"") -> 30 | AH17: =IFERROR(VLOOKUP(AC17,LISTS!$AU$2:$AV$1000,2,FALSE()),"") -> 25 | AI17: =IF(OR(AE17="",AF17="",AG17=""),"—",IFERROR(ROUND(AE17*0.4+AF17*0.3+AG17*0.3-IF(ISNUMBER(AH17),AH17,0),1),"⚠️")) -> 15 | AJ17: =IF(AI17="—","—",IF(NOT(ISNUMBER(AI17)),"⚠️",IF(AI17>=98,"🌟 ممتاز جدًا",IF(AI17>=90,"⭐ ممتاز",IF(AI17>=75,"🟢 جيد",IF(AI17>=60,"🟡 مقبول",IF(AI17>=40,"🔴 ضعيف","🚨 خطر شديد"))))))) -> 🚨 خطر شديد | AK17: =IF(E17="","",MONTH(E17)) -> 4 | AL17: =IF(E17="","",YEAR(E17)) -> 2026
A18: تاريخ المراقبة - الساعة | B18: =IF(E18="","",CHOOSE(WEEKDAY(E18,2),"الاثنين","الثلاثاء","الأربعاء","الخميس","الجمعة","السبت","الأحد")) -> السبت | C18: 21 – 25/ يونيو 2026 | D18: =IF(AND(G18="",H18="",I18=""),"",IF(COUNTIFS(LISTS!$A$2:$A$67,G18,LISTS!$B$2:$B$67,H18,LISTS!$C$2:$C$67,I18)=0,"✗ هرم",IF(NOT(OR(Z18="ممتاز 100%",Z18="جيد 80%",Z18="مقبول 60%",Z18="خطر 40%",Z18="")),"✗ قائمة R",IF(NOT(OR(AA18="ممتاز 100%",AA18="جيد 85%",AA18="مقبول 70%",AA18="ضعيف 50%",AA18="")),"✗ قائمة S",IF(NOT(OR(AB18="مكتمل 100%",AB18="جزئي 60%",AB18="معلق 30%",AB18="مفتوح 0%",AB18="")),"✗ قائمة T",IF(NOT(OR(AC18="لا خصم 0",AC18="تأخير −5",AC18="عجز −10",AC18="جودة −15",AC18="امتثال −20",AC18="مخالفة −25",AC18="")),"✗ قائمة U",IF(AND(X18="لا",AC18<>"",AC18<>"لا خصم 0"),"✗ خصم",IF(AND(X18="نعم",AC18="لا خصم 0"),"✗ خصم",IF(AND(Z18="ممتاز 100%",AA18="ممتاز 100%",AB18<>"",AB18<>"مكتمل 100%"),"✗ إغلاق",IFERROR(IF(LEN(_xlfn.TEXTJOIN("، ",TRUE,IF(E18="","التاريخ",""),IF(F18="","الوقت",""),IF(G18="","المركز",""),IF(H18="","الدائرة",""),IF(I18="","القسم",""),IF(J18="","المسؤول",""),IF(K18="","نوع النشاط",""),IF(L18="","المشروع",""),IF(N18="","الممول",""),IF(V18="","الموضوع",""),IF(W18="","الملاحظة",""),IF(X18="","مشكلة",""),IF(Y18="","الإجراء",""),IF(Z18="","التنفيذ",""),IF(AA18="","الجودة",""),IF(AB18="","الإغلاق",""),IF(AC18="","الخصم",""),IF(AND(COUNTA($O18:$U18)>0,O18=""),"مدير المشروع",""),IF(AND(COUNTA($O18:$U18)>0,P18=""),"المستفيدين",""),IF(AND(COUNTA($O18:$U18)>0,Q18=""),"المناطق",""),IF(AND(COUNTA($O18:$U18)>0,R18=""),"الميزانية",""),IF(AND(COUNTA($O18:$U18)>0,S18=""),"نسبة الجاهزية",""),IF(AND(COUNTA($O18:$U18)>0,T18=""),"حالة الجاهزية",""),IF(AND(COUNTA($O18:$U18)>0,U18=""),"التوصيات","")))>0,"✗ ناقص: "&_xlfn.TEXTJOIN("، ",TRUE,IF(E18="","التاريخ",""),IF(F18="","الوقت",""),IF(G18="","المركز",""),IF(H18="","الدائرة",""),IF(I18="","القسم",""),IF(J18="","المسؤول",""),IF(K18="","نوع النشاط",""),IF(L18="","المشروع",""),IF(N18="","الممول",""),IF(V18="","الموضوع",""),IF(W18="","الملاحظة",""),IF(X18="","مشكلة",""),IF(Y18="","الإجراء",""),IF(Z18="","التنفيذ",""),IF(AA18="","الجودة",""),IF(AB18="","الإغلاق",""),IF(AC18="","الخصم",""),IF(AND(COUNTA($O18:$U18)>0,O18=""),"مدير المشروع",""),IF(AND(COUNTA($O18:$U18)>0,P18=""),"المستفيدين",""),IF(AND(COUNTA($O18:$U18)>0,Q18=""),"المناطق",""),IF(AND(COUNTA($O18:$U18)>0,R18=""),"الميزانية",""),IF(AND(COUNTA($O18:$U18)>0,S18=""),"نسبة الجاهزية",""),IF(AND(COUNTA($O18:$U18)>0,T18=""),"حالة الجاهزية",""),IF(AND(COUNTA($O18:$U18)>0,U18=""),"التوصيات","")),"✓"),"✓")))))))))) -> ✗ هرم | E18: 46123 | F18: 0.83333333 | G18: الجمعية | H18: دائرة الاستثمار الخيري | I18: 5ايام عمل | J18: باسم ديب عبد الله المبحوح | K18: فحص سلامة | V18: زيارة ليلية للحراسة — صالة النخيل (المخازن والمطبخ) | W18: تواجد الحراس — لا يتوفر مكان للحراسة ولا فرشات ولا حرامات ولا مستلزمات أساسية | X18: نعم | Y18: إشعار رسمي | Z18: مقبول 60% | AA18: مقبول 70% | AB18: معلق 30% | AC18: امتثال −20 | AD18: اياد أبو عبدو | AE18: =IFERROR(VLOOKUP(Z18,LISTS!$AL$2:$AM$1000,2,FALSE()),"") -> 60 | AF18: =IFERROR(VLOOKUP(AA18,LISTS!$AO$2:$AP$1000,2,FALSE()),"") -> 70 | AG18: =IFERROR(VLOOKUP(AB18,LISTS!$AR$2:$AS$1000,2,FALSE()),"") -> 30 | AH18: =IFERROR(VLOOKUP(AC18,LISTS!$AU$2:$AV$1000,2,FALSE()),"") -> 20 | AI18: =IF(OR(AE18="",AF18="",AG18=""),"—",IFERROR(ROUND(AE18*0.4+AF18*0.3+AG18*0.3-IF(ISNUMBER(AH18),AH18,0),1),"⚠️")) -> 34 | AJ18: =IF(AI18="—","—",IF(NOT(ISNUMBER(AI18)),"⚠️",IF(AI18>=98,"🌟 ممتاز جدًا",IF(AI18>=90,"⭐ ممتاز",IF(AI18>=75,"🟢 جيد",IF(AI18>=60,"🟡 مقبول",IF(AI18>=40,"🔴 ضعيف","🚨 خطر شديد"))))))) -> 🚨 خطر شديد | AK18: =IF(E18="","",MONTH(E18)) -> 4 | AL18: =IF(E18="","",YEAR(E18)) -> 2026
A19: =IF(I19<>"",COUNTA($I$2:I19),"") -> 18 | B19: =IF(E19="","",CHOOSE(WEEKDAY(E19,2),"الاثنين","الثلاثاء","الأربعاء","الخميس","الجمعة","السبت","الأحد")) -> السبت | C19: {=IF(E19="","",IF(M19<>"", M19&"/"&SUMPRODUCT((M$2:M19=M19)*1)&" - "&(ROW()-2), "إداري/"&SUMPRODUCT((M$2:M19="")*1)&" - "&(ROW()-2)))} -> إداري/18 - 17 | D19: =IF(AND(G19="",H19="",I19=""),"",IF(COUNTIFS(LISTS!$A$2:$A$67,G19,LISTS!$B$2:$B$67,H19,LISTS!$C$2:$C$67,I19)=0,"✗ هرم",IF(NOT(OR(Z19="ممتاز 100%",Z19="جيد 80%",Z19="مقبول 60%",Z19="خطر 40%",Z19="")),"✗ قائمة R",IF(NOT(OR(AA19="ممتاز 100%",AA19="جيد 85%",AA19="مقبول 70%",AA19="ضعيف 50%",AA19="")),"✗ قائمة S",IF(NOT(OR(AB19="مكتمل 100%",AB19="جزئي 60%",AB19="معلق 30%",AB19="مفتوح 0%",AB19="")),"✗ قائمة T",IF(NOT(OR(AC19="لا خصم 0",AC19="تأخير −5",AC19="عجز −10",AC19="جودة −15",AC19="امتثال −20",AC19="مخالفة −25",AC19="")),"✗ قائمة U",IF(AND(X19="لا",AC19<>"",AC19<>"لا خصم 0"),"✗ خصم",IF(AND(X19="نعم",AC19="لا خصم 0"),"✗ خصم",IF(AND(Z19="ممتاز 100%",AA19="ممتاز 100%",AB19<>"",AB19<>"مكتمل 100%"),"✗ إغلاق",IFERROR(IF(LEN(_xlfn.TEXTJOIN("، ",TRUE,IF(E19="","التاريخ",""),IF(F19="","الوقت",""),IF(G19="","المركز",""),IF(H19="","الدائرة",""),IF(I19="","القسم",""),IF(J19="","المسؤول",""),IF(K19="","نوع النشاط",""),IF(L19="","المشروع",""),IF(N19="","الممول",""),IF(V19="","الموضوع",""),IF(W19="","الملاحظة",""),IF(X19="","مشكلة",""),IF(Y19="","الإجراء",""),IF(Z19="","التنفيذ",""),IF(AA19="","الجودة",""),IF(AB19="","الإغلاق",""),IF(AC19="","الخصم",""),IF(AND(COUNTA($O19:$U19)>0,O19=""),"مدير المشروع",""),IF(AND(COUNTA($O19:$U19)>0,P19=""),"المستفيدين",""),IF(AND(COUNTA($O19:$U19)>0,Q19=""),"المناطق",""),IF(AND(COUNTA($O19:$U19)>0,R19=""),"الميزانية",""),IF(AND(COUNTA($O19:$U19)>0,S19=""),"نسبة الجاهزية",""),IF(AND(COUNTA($O19:$U19)>0,T19=""),"حالة الجاهزية",""),IF(AND(COUNTA($O19:$U19)>0,U19=""),"التوصيات","")))>0,"✗ ناقص: "&_xlfn.TEXTJOIN("، ",TRUE,IF(E19="","التاريخ",""),IF(F19="","الوقت",""),IF(G19="","المركز",""),IF(H19="","الدائرة",""),IF(I19="","القسم",""),IF(J19="","المسؤول",""),IF(K19="","نوع النشاط",""),IF(L19="","المشروع",""),IF(N19="","الممول",""),IF(V19="","الموضوع",""),IF(W19="","الملاحظة",""),IF(X19="","مشكلة",""),IF(Y19="","الإجراء",""),IF(Z19="","التنفيذ",""),IF(AA19="","الجودة",""),IF(AB19="","الإغلاق",""),IF(AC19="","الخصم",""),IF(AND(COUNTA($O19:$U19)>0,O19=""),"مدير المشروع",""),IF(AND(COUNTA($O19:$U19)>0,P19=""),"المستفيدين",""),IF(AND(COUNTA($O19:$U19)>0,Q19=""),"المناطق",""),IF(AND(COUNTA($O19:$U19)>0,R19=""),"الميزانية",""),IF(AND(COUNTA($O19:$U19)>0,S19=""),"نسبة الجاهزية",""),IF(AND(COUNTA($O19:$U19)>0,T19=""),"حالة الجاهزية",""),IF(AND(COUNTA($O19:$U19)>0,U19=""),"التوصيات","")),"✓"),"✓")))))))))) -> ✗ هرم | E19: 46123 | F19: 0.4375 | G19: الجمعية | H19: دائرة المشاريع والتسويق والإعلام | I19: 120,000شيكل - لكل مستفيد 200 شيكل | J19: بسام محمد حميدان الخطيب | K19: تفتيش ميداني | L19: معلبات لحمة | V19: متابعة علب لحمة مطبوخة ووجبات ساخنة — الزوايدة (11 أبريل) | W19: 850 علبة لحمة مطبوخة + 300 وجبة فردية رز+لحمة — إيواء السواركة | X19: لا | Y19: مذكرة تذكيرية | Z19: ممتاز 100% | AA19: ممتاز 100% | AB19: مكتمل 100% | AC19: لا خصم 0 | AD19: سمير نصار | AE19: =IFERROR(VLOOKUP(Z19,LISTS!$AL$2:$AM$1000,2,FALSE()),"") -> 100 | AF19: =IFERROR(VLOOKUP(AA19,LISTS!$AO$2:$AP$1000,2,FALSE()),"") -> 100 | AG19: =IFERROR(VLOOKUP(AB19,LISTS!$AR$2:$AS$1000,2,FALSE()),"") -> 100 | AH19: =IFERROR(VLOOKUP(AC19,LISTS!$AU$2:$AV$1000,2,FALSE()),"") -> 0 | AI19: =IF(OR(AE19="",AF19="",AG19=""),"—",IFERROR(ROUND(AE19*0.4+AF19*0.3+AG19*0.3-IF(ISNUMBER(AH19),AH19,0),1),"⚠️")) -> 100 | AJ19: =IF(AI19="—","—",IF(NOT(ISNUMBER(AI19)),"⚠️",IF(AI19>=98,"🌟 ممتاز جدًا",IF(AI19>=90,"⭐ ممتاز",IF(AI19>=75,"🟢 جيد",IF(AI19>=60,"🟡 مقبول",IF(AI19>=40,"🔴 ضعيف","🚨 خطر شديد"))))))) -> 🌟 ممتاز جدًا | AK19: =IF(E19="","",MONTH(E19)) -> 4 | AL19: =IF(E19="","",YEAR(E19)) -> 2026
A20: =IF(I20<>"",COUNTA($I$2:I20),"") -> 19 | B20: =IF(E20="","",CHOOSE(WEEKDAY(E20,2),"الاثنين","الثلاثاء","الأربعاء","الخميس","الجمعة","السبت","الأحد")) -> السبت | C20: {=IF(E20="","",IF(M20<>"", M20&"/"&SUMPRODUCT((M$2:M20=M20)*1)&" - "&(ROW()-2), "إداري/"&SUMPRODUCT((M$2:M20="")*1)&" - "&(ROW()-2)))} -> إداري/19 - 18 | D20: =IF(AND(G20="",H20="",I20=""),"",IF(COUNTIFS(LISTS!$A$2:$A$67,G20,LISTS!$B$2:$B$67,H20,LISTS!$C$2:$C$67,I20)=0,"✗ هرم",IF(NOT(OR(Z20="ممتاز 100%",Z20="جيد 80%",Z20="مقبول 60%",Z20="خطر 40%",Z20="")),"✗ قائمة R",IF(NOT(OR(AA20="ممتاز 100%",AA20="جيد 85%",AA20="مقبول 70%",AA20="ضعيف 50%",AA20="")),"✗ قائمة S",IF(NOT(OR(AB20="مكتمل 100%",AB20="جزئي 60%",AB20="معلق 30%",AB20="مفتوح 0%",AB20="")),"✗ قائمة T",IF(NOT(OR(AC20="لا خصم 0",AC20="تأخير −5",AC20="عجز −10",AC20="جودة −15",AC20="امتثال −20",AC20="مخالفة −25",AC20="")),"✗ قائمة U",IF(AND(X20="لا",AC20<>"",AC20<>"لا خصم 0"),"✗ خصم",IF(AND(X20="نعم",AC20="لا خصم 0"),"✗ خصم",IF(AND(Z20="ممتاز 100%",AA20="ممتاز 100%",AB20<>"",AB20<>"مكتمل 100%"),"✗ إغلاق",IFERROR(IF(LEN(_xlfn.TEXTJOIN("، ",TRUE,IF(E20="","التاريخ",""),IF(F20="","الوقت",""),IF(G20="","المركز",""),IF(H20="","الدائرة",""),IF(I20="","القسم",""),IF(J20="","المسؤول",""),IF(K20="","نوع النشاط",""),IF(L20="","المشروع",""),IF(N20="","الممول",""),IF(V20="","الموضوع",""),IF(W20="","الملاحظة",""),IF(X20="","مشكلة",""),IF(Y20="","الإجراء",""),IF(Z20="","التنفيذ",""),IF(AA20="","الجودة",""),IF(AB20="","الإغلاق",""),IF(AC20="","الخصم",""),IF(AND(COUNTA($O20:$U20)>0,O20=""),"مدير المشروع",""),IF(AND(COUNTA($O20:$U20)>0,P20=""),"المستفيدين",""),IF(AND(COUNTA($O20:$U20)>0,Q20=""),"المناطق",""),IF(AND(COUNTA($O20:$U20)>0,R20=""),"الميزانية",""),IF(AND(COUNTA($O20:$U20)>0,S20=""),"نسبة الجاهزية",""),IF(AND(COUNTA($O20:$U20)>0,T20=""),"حالة الجاهزية",""),IF(AND(COUNTA($O20:$U20)>0,U20=""),"التوصيات","")))>0,"✗ ناقص: "&_xlfn.TEXTJOIN("، ",TRUE,IF(E20="","التاريخ",""),IF(F20="","الوقت",""),IF(G20="","المركز",""),IF(H20="","الدائرة",""),IF(I20="","القسم",""),IF(J20="","المسؤول",""),IF(K20="","نوع النشاط",""),IF(L20="","المشروع",""),IF(N20="","الممول",""),IF(V20="","الموضوع",""),IF(W20="","الملاحظة",""),IF(X20="","مشكلة",""),IF(Y20="","الإجراء",""),IF(Z20="","التنفيذ",""),IF(AA20="","الجودة",""),IF(AB20="","الإغلاق",""),IF(AC20="","الخصم",""),IF(AND(COUNTA($O20:$U20)>0,O20=""),"مدير المشروع",""),IF(AND(COUNTA($O20:$U20)>0,P20=""),"المستفيدين",""),IF(AND(COUNTA($O20:$U20)>0,Q20=""),"المناطق",""),IF(AND(COUNTA($O20:$U20)>0,R20=""),"الميزانية",""),IF(AND(COUNTA($O20:$U20)>0,S20=""),"نسبة الجاهزية",""),IF(AND(COUNTA($O20:$U20)>0,T20=""),"حالة الجاهزية",""),IF(AND(COUNTA($O20:$U20)>0,U20=""),"التوصيات","")),"✓"),"✓")))))))))) -> ✗ ناقص: المسؤول | E20: 46123 | F20: 0.54166667 | G20: الجمعية | H20: دائرة المشاريع والتسويق والإعلام | I20: مكتب رفح | K20: تفتيش ميداني | L20: الرغيف الخيري | N20: مؤسسة المناصرة الأردنية | V20: متابعة الرغيف الخيري — رفح مخيم التعاون فش فريش (11 أبريل) | W20: 200 ربطة(1ك) — مخيم التعاون فش فريش — مخبز زادنا — استلام 13:30، توزيع 13:30 | X20: لا | Y20: مذكرة تذكيرية | Z20: ممتاز 100% | AA20: ممتاز 100% | AB20: مكتمل 100% | AC20: لا خصم 0 | AD20: سمير نصار | AE20: =IFERROR(VLOOKUP(Z20,LISTS!$AL$2:$AM$1000,2,FALSE()),"") -> 100 | AF20: =IFERROR(VLOOKUP(AA20,LISTS!$AO$2:$AP$1000,2,FALSE()),"") -> 100 | AG20: =IFERROR(VLOOKUP(AB20,LISTS!$AR$2:$AS$1000,2,FALSE()),"") -> 100 | AH20: =IFERROR(VLOOKUP(AC20,LISTS!$AU$2:$AV$1000,2,FALSE()),"") -> 0 | AI20: =IF(OR(AE20="",AF20="",AG20=""),"—",IFERROR(ROUND(AE20*0.4+AF20*0.3+AG20*0.3-IF(ISNUMBER(AH20),AH20,0),1),"⚠️")) -> 100 | AJ20: =IF(AI20="—","—",IF(NOT(ISNUMBER(AI20)),"⚠️",IF(AI20>=98,"🌟 ممتاز جدًا",IF(AI20>=90,"⭐ ممتاز",IF(AI20>=75,"🟢 جيد",IF(AI20>=60,"🟡 مقبول",IF(AI20>=40,"🔴 ضعيف","🚨 خطر شديد"))))))) -> 🌟 ممتاز جدًا | AK20: =IF(E20="","",MONTH(E20)) -> 4 | AL20: =IF(E20="","",YEAR(E20)) -> 2026
A21: =IF(I21<>"",COUNTA($I$2:I21),"") -> 20 | B21: =IF(E21="","",CHOOSE(WEEKDAY(E21,2),"الاثنين","الثلاثاء","الأربعاء","الخميس","الجمعة","السبت","الأحد")) -> السبت | C21: {=IF(E21="","",IF(M21<>"", M21&"/"&SUMPRODUCT((M$2:M21=M21)*1)&" - "&(ROW()-2), "إداري/"&SUMPRODUCT((M$2:M21="")*1)&" - "&(ROW()-2)))} -> إداري/20 - 19 | D21: =IF(AND(G21="",H21="",I21=""),"",IF(COUNTIFS(LISTS!$A$2:$A$67,G21,LISTS!$B$2:$B$67,H21,LISTS!$C$2:$C$67,I21)=0,"✗ هرم",IF(NOT(OR(Z21="ممتاز 100%",Z21="جيد 80%",Z21="مقبول 60%",Z21="خطر 40%",Z21="")),"✗ قائمة R",IF(NOT(OR(AA21="ممتاز 100%",AA21="جيد 85%",AA21="مقبول 70%",AA21="ضعيف 50%",AA21="")),"✗ قائمة S",IF(NOT(OR(AB21="مكتمل 100%",AB21="جزئي 60%",AB21="معلق 30%",AB21="مفتوح 0%",AB21="")),"✗ قائمة T",IF(NOT(OR(AC21="لا خصم 0",AC21="تأخير −5",AC21="عجز −10",AC21="جودة −15",AC21="امتثال −20",AC21="مخالفة −25",AC21="")),"✗ قائمة U",IF(AND(X21="لا",AC21<>"",AC21<>"لا خصم 0"),"✗ خصم",IF(AND(X21="نعم",AC21="لا خصم 0"),"✗ خصم",IF(AND(Z21="ممتاز 100%",AA21="ممتاز 100%",AB21<>"",AB21<>"مكتمل 100%"),"✗ إغلاق",IFERROR(IF(LEN(_xlfn.TEXTJOIN("، ",TRUE,IF(E21="","التاريخ",""),IF(F21="","الوقت",""),IF(G21="","المركز",""),IF(H21="","الدائرة",""),IF(I21="","القسم",""),IF(J21="","المسؤول",""),IF(K21="","نوع النشاط",""),IF(L21="","المشروع",""),IF(N21="","الممول",""),IF(V21="","الموضوع",""),IF(W21="","الملاحظة",""),IF(X21="","مشكلة",""),IF(Y21="","الإجراء",""),IF(Z21="","التنفيذ",""),IF(AA21="","الجودة",""),IF(AB21="","الإغلاق",""),IF(AC21="","الخصم",""),IF(AND(COUNTA($O21:$U21)>0,O21=""),"مدير المشروع",""),IF(AND(COUNTA($O21:$U21)>0,P21=""),"المستفيدين",""),IF(AND(COUNTA($O21:$U21)>0,Q21=""),"المناطق",""),IF(AND(COUNTA($O21:$U21)>0,R21=""),"الميزانية",""),IF(AND(COUNTA($O21:$U21)>0,S21=""),"نسبة الجاهزية",""),IF(AND(COUNTA($O21:$U21)>0,T21=""),"حالة الجاهزية",""),IF(AND(COUNTA($O21:$U21)>0,U21=""),"التوصيات","")))>0,"✗ ناقص: "&_xlfn.TEXTJOIN("، ",TRUE,IF(E21="","التاريخ",""),IF(F21="","الوقت",""),IF(G21="","المركز",""),IF(H21="","الدائرة",""),IF(I21="","القسم",""),IF(J21="","المسؤول",""),IF(K21="","نوع النشاط",""),IF(L21="","المشروع",""),IF(N21="","الممول",""),IF(V21="","الموضوع",""),IF(W21="","الملاحظة",""),IF(X21="","مشكلة",""),IF(Y21="","الإجراء",""),IF(Z21="","التنفيذ",""),IF(AA21="","الجودة",""),IF(AB21="","الإغلاق",""),IF(AC21="","الخصم",""),IF(AND(COUNTA($O21:$U21)>0,O21=""),"مدير المشروع",""),IF(AND(COUNTA($O21:$U21)>0,P21=""),"المستفيدين",""),IF(AND(COUNTA($O21:$U21)>0,Q21=""),"المناطق",""),IF(AND(COUNTA($O21:$U21)>0,R21=""),"الميزانية",""),IF(AND(COUNTA($O21:$U21)>0,S21=""),"نسبة الجاهزية",""),IF(AND(COUNTA($O21:$U21)>0,T21=""),"حالة الجاهزية",""),IF(AND(COUNTA($O21:$U21)>0,U21=""),"التوصيات","")),"✓"),"✓")))))))))) -> ✓ | E21: 46123 | F21: 0.43055556 | G21: الجمعية | H21: دائرة المشاريع والتسويق والإعلام | I21: مكتب خانيونس | J21: جهاد محمد محروس ابو الريش | K21: تفتيش ميداني | L21: الرغيف الخيري | N21: مؤسسة المناصرة الأردنية | V21: متابعة الرغيف الخيري — خانيونس مخيم الهلال (11 أبريل) | W21: 200 ربطة(1ك) — مخيم الهلال — مخبز زادنا — استلام 10:20، توزيع 10:45 | X21: لا | Y21: مذكرة تذكيرية | Z21: ممتاز 100% | AA21: ممتاز 100% | AB21: مكتمل 100% | AC21: لا خصم 0 | AD21: سمير نصار | AE21: =IFERROR(VLOOKUP(Z21,LISTS!$AL$2:$AM$1000,2,FALSE()),"") -> 100 | AF21: =IFERROR(VLOOKUP(AA21,LISTS!$AO$2:$AP$1000,2,FALSE()),"") -> 100 | AG21: =IFERROR(VLOOKUP(AB21,LISTS!$AR$2:$AS$1000,2,FALSE()),"") -> 100 | AH21: =IFERROR(VLOOKUP(AC21,LISTS!$AU$2:$AV$1000,2,FALSE()),"") -> 0 | AI21: =IF(OR(AE21="",AF21="",AG21=""),"—",IFERROR(ROUND(AE21*0.4+AF21*0.3+AG21*0.3-IF(ISNUMBER(AH21),AH21,0),1),"⚠️")) -> 100 | AJ21: =IF(AI21="—","—",IF(NOT(ISNUMBER(AI21)),"⚠️",IF(AI21>=98,"🌟 ممتاز جدًا",IF(AI21>=90,"⭐ ممتاز",IF(AI21>=75,"🟢 جيد",IF(AI21>=60,"🟡 مقبول",IF(AI21>=40,"🔴 ضعيف","🚨 خطر شديد"))))))) -> 🌟 ممتاز جدًا | AK21: =IF(E21="","",MONTH(E21)) -> 4 | AL21: =IF(E21="","",YEAR(E21)) -> 2026
A22: 📦 اللوجستيك والموارد | B22: =IF(E22="","",CHOOSE(WEEKDAY(E22,2),"الاثنين","الثلاثاء","الأربعاء","الخميس","الجمعة","السبت","الأحد")) -> الأحد | C22: {=IF(E22="","",IF(M22<>"", M22&"/"&SUMPRODUCT((M$2:M22=M22)*1)&" - "&(ROW()-2), "إداري/"&SUMPRODUCT((M$2:M22="")*1)&" - "&(ROW()-2)))} -> إداري/21 - 20 | D22: =IF(AND(G22="",H22="",I22=""),"",IF(COUNTIFS(LISTS!$A$2:$A$67,G22,LISTS!$B$2:$B$67,H22,LISTS!$C$2:$C$67,I22)=0,"✗ هرم",IF(NOT(OR(Z22="ممتاز 100%",Z22="جيد 80%",Z22="مقبول 60%",Z22="خطر 40%",Z22="")),"✗ قائمة R",IF(NOT(OR(AA22="ممتاز 100%",AA22="جيد 85%",AA22="مقبول 70%",AA22="ضعيف 50%",AA22="")),"✗ قائمة S",IF(NOT(OR(AB22="مكتمل 100%",AB22="جزئي 60%",AB22="معلق 30%",AB22="مفتوح 0%",AB22="")),"✗ قائمة T",IF(NOT(OR(AC22="لا خصم 0",AC22="تأخير −5",AC22="عجز −10",AC22="جودة −15",AC22="امتثال −20",AC22="مخالفة −25",AC22="")),"✗ قائمة U",IF(AND(X22="لا",AC22<>"",AC22<>"لا خصم 0"),"✗ خصم",IF(AND(X22="نعم",AC22="لا خصم 0"),"✗ خصم",IF(AND(Z22="ممتاز 100%",AA22="ممتاز 100%",AB22<>"",AB22<>"مكتمل 100%"),"✗ إغلاق",IFERROR(IF(LEN(_xlfn.TEXTJOIN("، ",TRUE,IF(E22="","التاريخ",""),IF(F22="","الوقت",""),IF(G22="","المركز",""),IF(H22="","الدائرة",""),IF(I22="","القسم",""),IF(J22="","المسؤول",""),IF(K22="","نوع النشاط",""),IF(L22="","المشروع",""),IF(N22="","الممول",""),IF(V22="","الموضوع",""),IF(W22="","الملاحظة",""),IF(X22="","مشكلة",""),IF(Y22="","الإجراء",""),IF(Z22="","التنفيذ",""),IF(AA22="","الجودة",""),IF(AB22="","الإغلاق",""),IF(AC22="","الخصم",""),IF(AND(COUNTA($O22:$U22)>0,O22=""),"مدير المشروع",""),IF(AND(COUNTA($O22:$U22)>0,P22=""),"المستفيدين",""),IF(AND(COUNTA($O22:$U22)>0,Q22=""),"المناطق",""),IF(AND(COUNTA($O22:$U22)>0,R22=""),"الميزانية",""),IF(AND(COUNTA($O22:$U22)>0,S22=""),"نسبة الجاهزية",""),IF(AND(COUNTA($O22:$U22)>0,T22=""),"حالة الجاهزية",""),IF(AND(COUNTA($O22:$U22)>0,U22=""),"التوصيات","")))>0,"✗ ناقص: "&_xlfn.TEXTJOIN("، ",TRUE,IF(E22="","التاريخ",""),IF(F22="","الوقت",""),IF(G22="","المركز",""),IF(H22="","الدائرة",""),IF(I22="","القسم",""),IF(J22="","المسؤول",""),IF(K22="","نوع النشاط",""),IF(L22="","المشروع",""),IF(N22="","الممول",""),IF(V22="","الموضوع",""),IF(W22="","الملاحظة",""),IF(X22="","مشكلة",""),IF(Y22="","الإجراء",""),IF(Z22="","التنفيذ",""),IF(AA22="","الجودة",""),IF(AB22="","الإغلاق",""),IF(AC22="","الخصم",""),IF(AND(COUNTA($O22:$U22)>0,O22=""),"مدير المشروع",""),IF(AND(COUNTA($O22:$U22)>0,P22=""),"المستفيدين",""),IF(AND(COUNTA($O22:$U22)>0,Q22=""),"المناطق",""),IF(AND(COUNTA($O22:$U22)>0,R22=""),"الميزانية",""),IF(AND(COUNTA($O22:$U22)>0,S22=""),"نسبة الجاهزية",""),IF(AND(COUNTA($O22:$U22)>0,T22=""),"حالة الجاهزية",""),IF(AND(COUNTA($O22:$U22)>0,U22=""),"التوصيات","")),"✓"),"✓")))))))))) -> ✗ ناقص: المسؤول، المشروع، الممول | E22: 46124 | F22: 0.4375 | G22: الجمعية | H22: دائرة التنمية الاجتماعية | I22: قسم الأيتام والأسر | K22: فحص مخزون | V22: متابعة تجهيز طرود صحية — دير البلح والمقر العام | W22: 55 طرد صحي — دير البلح(45 مخيم إيواء النجوم)، المقر العام(10) — ملاحظات: نقص سائل الجلي(5 واستبداله بسائل يد)، شفر حلاقة تبكيت يدوي، تنوع أنواع سائل الجلي | X22: لا | Y22: مذكرة تذكيرية | Z22: جيد 80% | AA22: مقبول 70% | AB22: مكتمل 100% | AC22: لا خصم 0 | AD22: اياد أبو عبدو | AE22: =IFERROR(VLOOKUP(Z22,LISTS!$AL$2:$AM$1000,2,FALSE()),"") -> 80 | AF22: =IFERROR(VLOOKUP(AA22,LISTS!$AO$2:$AP$1000,2,FALSE()),"") -> 70 | AG22: =IFERROR(VLOOKUP(AB22,LISTS!$AR$2:$AS$1000,2,FALSE()),"") -> 100 | AH22: =IFERROR(VLOOKUP(AC22,LISTS!$AU$2:$AV$1000,2,FALSE()),"") -> 0 | AI22: =IF(OR(AE22="",AF22="",AG22=""),"—",IFERROR(ROUND(AE22*0.4+AF22*0.3+AG22*0.3-IF(ISNUMBER(AH22),AH22,0),1),"⚠️")) -> 83 | AJ22: =IF(AI22="—","—",IF(NOT(ISNUMBER(AI22)),"⚠️",IF(AI22>=98,"🌟 ممتاز جدًا",IF(AI22>=90,"⭐ ممتاز",IF(AI22>=75,"🟢 جيد",IF(AI22>=60,"🟡 مقبول",IF(AI22>=40,"🔴 ضعيف","🚨 خطر شديد"))))))) -> 🟢 جيد | AK22: =IF(E22="","",MONTH(E22)) -> 4 | AL22: =IF(E22="","",YEAR(E22)) -> 2026
A23: =IF(I23<>"",COUNTA($I$2:I23),"") -> 22 | B23: =IF(E23="","",CHOOSE(WEEKDAY(E23,2),"الاثنين","الثلاثاء","الأربعاء","الخميس","الجمعة","السبت","الأحد")) -> الأحد | C23: {=IF(E23="","",IF(M23<>"", M23&"/"&SUMPRODUCT((M$2:M23=M23)*1)&" - "&(ROW()-2), "إداري/"&SUMPRODUCT((M$2:M23="")*1)&" - "&(ROW()-2)))} -> إداري/22 - 21 | D23: =IF(AND(G23="",H23="",I23=""),"",IF(COUNTIFS(LISTS!$A$2:$A$67,G23,LISTS!$B$2:$B$67,H23,LISTS!$C$2:$C$67,I23)=0,"✗ هرم",IF(NOT(OR(Z23="ممتاز 100%",Z23="جيد 80%",Z23="مقبول 60%",Z23="خطر 40%",Z23="")),"✗ قائمة R",IF(NOT(OR(AA23="ممتاز 100%",AA23="جيد 85%",AA23="مقبول 70%",AA23="ضعيف 50%",AA23="")),"✗ قائمة S",IF(NOT(OR(AB23="مكتمل 100%",AB23="جزئي 60%",AB23="معلق 30%",AB23="مفتوح 0%",AB23="")),"✗ قائمة T",IF(NOT(OR(AC23="لا خصم 0",AC23="تأخير −5",AC23="عجز −10",AC23="جودة −15",AC23="امتثال −20",AC23="مخالفة −25",AC23="")),"✗ قائمة U",IF(AND(X23="لا",AC23<>"",AC23<>"لا خصم 0"),"✗ خصم",IF(AND(X23="نعم",AC23="لا خصم 0"),"✗ خصم",IF(AND(Z23="ممتاز 100%",AA23="ممتاز 100%",AB23<>"",AB23<>"مكتمل 100%"),"✗ إغلاق",IFERROR(IF(LEN(_xlfn.TEXTJOIN("، ",TRUE,IF(E23="","التاريخ",""),IF(F23="","الوقت",""),IF(G23="","المركز",""),IF(H23="","الدائرة",""),IF(I23="","القسم",""),IF(J23="","المسؤول",""),IF(K23="","نوع النشاط",""),IF(L23="","المشروع",""),IF(N23="","الممول",""),IF(V23="","الموضوع",""),IF(W23="","الملاحظة",""),IF(X23="","مشكلة",""),IF(Y23="","الإجراء",""),IF(Z23="","التنفيذ",""),IF(AA23="","الجودة",""),IF(AB23="","الإغلاق",""),IF(AC23="","الخصم",""),IF(AND(COUNTA($O23:$U23)>0,O23=""),"مدير المشروع",""),IF(AND(COUNTA($O23:$U23)>0,P23=""),"المستفيدين",""),IF(AND(COUNTA($O23:$U23)>0,Q23=""),"المناطق",""),IF(AND(COUNTA($O23:$U23)>0,R23=""),"الميزانية",""),IF(AND(COUNTA($O23:$U23)>0,S23=""),"نسبة الجاهزية",""),IF(AND(COUNTA($O23:$U23)>0,T23=""),"حالة الجاهزية",""),IF(AND(COUNTA($O23:$U23)>0,U23=""),"التوصيات","")))>0,"✗ ناقص: "&_xlfn.TEXTJOIN("، ",TRUE,IF(E23="","التاريخ",""),IF(F23="","الوقت",""),IF(G23="","المركز",""),IF(H23="","الدائرة",""),IF(I23="","القسم",""),IF(J23="","المسؤول",""),IF(K23="","نوع النشاط",""),IF(L23="","المشروع",""),IF(N23="","الممول",""),IF(V23="","الموضوع",""),IF(W23="","الملاحظة",""),IF(X23="","مشكلة",""),IF(Y23="","الإجراء",""),IF(Z23="","التنفيذ",""),IF(AA23="","الجودة",""),IF(AB23="","الإغلاق",""),IF(AC23="","الخصم",""),IF(AND(COUNTA($O23:$U23)>0,O23=""),"مدير المشروع",""),IF(AND(COUNTA($O23:$U23)>0,P23=""),"المستفيدين",""),IF(AND(COUNTA($O23:$U23)>0,Q23=""),"المناطق",""),IF(AND(COUNTA($O23:$U23)>0,R23=""),"الميزانية",""),IF(AND(COUNTA($O23:$U23)>0,S23=""),"نسبة الجاهزية",""),IF(AND(COUNTA($O23:$U23)>0,T23=""),"حالة الجاهزية",""),IF(AND(COUNTA($O23:$U23)>0,U23=""),"التوصيات","")),"✓"),"✓")))))))))) -> ✓ | E23: 46124 | F23: 0.45833333 | G23: الجمعية | H23: دائرة المشاريع والتسويق والإعلام | I23: مكتب المغازي | J23: طارق حسن ع.القادر قنديل | K23: تفتيش ميداني | L23: الرغيف الخيري | N23: مؤسسة المناصرة الأردنية | V23: متابعة الرغيف الخيري — المغازي مخيم السلام (12 أبريل) | W23: 200 ربطة(1ك) — مخيم السلام المغازي — مخبز زادنا — جودة جيد | X23: لا | Y23: مذكرة تذكيرية | Z23: ممتاز 100% | AA23: جيد 85% | AB23: مكتمل 100% | AC23: لا خصم 0 | AD23: سمير نصار | AE23: =IFERROR(VLOOKUP(Z23,LISTS!$AL$2:$AM$1000,2,FALSE()),"") -> 100 | AF23: =IFERROR(VLOOKUP(AA23,LISTS!$AO$2:$AP$1000,2,FALSE()),"") -> 85 | AG23: =IFERROR(VLOOKUP(AB23,LISTS!$AR$2:$AS$1000,2,FALSE()),"") -> 100 | AH23: =IFERROR(VLOOKUP(AC23,LISTS!$AU$2:$AV$1000,2,FALSE()),"") -> 0 | AI23: =IF(OR(AE23="",AF23="",AG23=""),"—",IFERROR(ROUND(AE23*0.4+AF23*0.3+AG23*0.3-IF(ISNUMBER(AH23),AH23,0),1),"⚠️")) -> 95.5 | AJ23: =IF(AI23="—","—",IF(NOT(ISNUMBER(AI23)),"⚠️",IF(AI23>=98,"🌟 ممتاز جدًا",IF(AI23>=90,"⭐ ممتاز",IF(AI23>=75,"🟢 جيد",IF(AI23>=60,"🟡 مقبول",IF(AI23>=40,"🔴 ضعيف","🚨 خطر شديد"))))))) -> ⭐ ممتاز | AK23: =IF(E23="","",MONTH(E23)) -> 4 | AL23: =IF(E23="","",YEAR(E23)) -> 2026
A24: =IF(I24<>"",COUNTA($I$2:I24),"") -> 23 | B24: =IF(#REF!="","",CHOOSE(WEEKDAY(#REF!,2),"الاثنين","الثلاثاء","الأربعاء","الخميس","الجمعة","السبت","الأحد")) -> #REF! | E24: تبليغ المستفيدين | F24: 0.47222222 | I24: الاستقبال — جهاد أبو الريش | V24: زيارة قسم المشاريع — متابعة المشاريع المنفذة 2026 | W24: استلام كشف بالمشاريع المنفذة منذ بداية 2026 — متابعة عدد منها على أن يستكمل الباقي | X24: لا | Y24: مذكرة تذكيرية | Z24: ممتاز 100% | AA24: ممتاز 100% | AB24: جزئي 60% | AC24: لا خصم 0 | AD24: اياد أبو عبدو | AE24: =IFERROR(VLOOKUP(Z24,LISTS!$AL$2:$AM$1000,2,FALSE()),"") -> 100 | AF24: =IFERROR(VLOOKUP(AA24,LISTS!$AO$2:$AP$1000,2,FALSE()),"") -> 100 | AG24: =IFERROR(VLOOKUP(AB24,LISTS!$AR$2:$AS$1000,2,FALSE()),"") -> 60 | AH24: =IFERROR(VLOOKUP(AC24,LISTS!$AU$2:$AV$1000,2,FALSE()),"") -> 0 | AI24: =IF(OR(AE24="",AF24="",AG24=""),"—",IFERROR(ROUND(AE24*0.4+AF24*0.3+AG24*0.3-IF(ISNUMBER(AH24),AH24,0),1),"⚠️")) -> 88 | AJ24: =IF(AI24="—","—",IF(NOT(ISNUMBER(AI24)),"⚠️",IF(AI24>=98,"🌟 ممتاز جدًا",IF(AI24>=90,"⭐ ممتاز",IF(AI24>=75,"🟢 جيد",IF(AI24>=60,"🟡 مقبول",IF(AI24>=40,"🔴 ضعيف","🚨 خطر شديد"))))))) -> 🟢 جيد | AK24: =IF(#REF!="","",MONTH(#REF!)) -> #REF! | AL24: =IF(#REF!="","",YEAR(#REF!)) -> #REF!
A25: =IF(I25<>"",COUNTA($I$2:I25),"") -> 24 | B25: =IF(E24="","",CHOOSE(WEEKDAY(E24,2),"الاثنين","الثلاثاء","الأربعاء","الخميس","الجمعة","السبت","الأحد")) -> #VALUE! | E25: التنسيق مع الرقابة | I25: المطابقة — نهاد اللحام | J25: بسام محمد حميدان الخطيب | N25: مؤسسة المناصرة الأردنية | V25: متابعة الرغيف الخيري — الزوايدة إيواءابو شميس (13 أبريل) | W25: 200 ربطة(1ك) — إيواءابو شميس — مخبز زادنا — وصل 12:00 — جودة ممتازة | X25: لا | Y25: مذكرة تذكيرية | Z25: ممتاز 100% | AA25: ممتاز 100% | AB25: مكتمل 100% | AC25: لا خصم 0 | AD25: سمير نصار | AE25: =IFERROR(VLOOKUP(Z25,LISTS!$AL$2:$AM$1000,2,FALSE()),"") -> 100 | AF25: =IFERROR(VLOOKUP(AA25,LISTS!$AO$2:$AP$1000,2,FALSE()),"") -> 100 | AG25: =IFERROR(VLOOKUP(AB25,LISTS!$AR$2:$AS$1000,2,FALSE()),"") -> 100 | AH25: =IFERROR(VLOOKUP(AC25,LISTS!$AU$2:$AV$1000,2,FALSE()),"") -> 0 | AI25: =IF(OR(AE25="",AF25="",AG25=""),"—",IFERROR(ROUND(AE25*0.4+AF25*0.3+AG25*0.3-IF(ISNUMBER(AH25),AH25,0),1),"⚠️")) -> 100 | AJ25: =IF(AI25="—","—",IF(NOT(ISNUMBER(AI25)),"⚠️",IF(AI25>=98,"🌟 ممتاز جدًا",IF(AI25>=90,"⭐ ممتاز",IF(AI25>=75,"🟢 جيد",IF(AI25>=60,"🟡 مقبول",IF(AI25>=40,"🔴 ضعيف","🚨 خطر شديد"))))))) -> 🌟 ممتاز جدًا | AK25: =IF(E24="","",MONTH(E24)) -> #VALUE! | AL25: =IF(E24="","",YEAR(E24)) -> #VALUE!
A26: حركة السيارات | B26: =IF(E25="","",CHOOSE(WEEKDAY(E25,2),"الاثنين","الثلاثاء","الأربعاء","الخميس","الجمعة","السبت","الأحد")) -> #VALUE! | E26: التنسيق مع المندوب/ المخيم | F26: 0.46875 | I26: التسليم — عبد اللطيف صيام | J26: جهاد محمد محروس ابو الريش | M26: خيار غير مطلوب | N26: مؤسسة المناصرة الأردنية | V26: متابعة الرغيف الخيري — خانيونس مخيم العلا (13 أبريل) | W26: 200 ربطة(1ك) — مخيم العلا — مخبز زادنا — استلام 10:20، توزيع 10:45 | X26: لا | Y26: مذكرة تذكيرية | Z26: ممتاز 100% | AA26: ممتاز 100% | AB26: مكتمل 100% | AC26: لا خصم 0 | AD26: سمير نصار | AE26: =IFERROR(VLOOKUP(Z26,LISTS!$AL$2:$AM$1000,2,FALSE()),"") -> 100 | AF26: =IFERROR(VLOOKUP(AA26,LISTS!$AO$2:$AP$1000,2,FALSE()),"") -> 100 | AG26: =IFERROR(VLOOKUP(AB26,LISTS!$AR$2:$AS$1000,2,FALSE()),"") -> 100 | AH26: =IFERROR(VLOOKUP(AC26,LISTS!$AU$2:$AV$1000,2,FALSE()),"") -> 0 | AI26: =IF(OR(AE26="",AF26="",AG26=""),"—",IFERROR(ROUND(AE26*0.4+AF26*0.3+AG26*0.3-IF(ISNUMBER(AH26),AH26,0),1),"⚠️")) -> 100 | AJ26: =IF(AI26="—","—",IF(NOT(ISNUMBER(AI26)),"⚠️",IF(AI26>=98,"🌟 ممتاز جدًا",IF(AI26>=90,"⭐ ممتاز",IF(AI26>=75,"🟢 جيد",IF(AI26>=60,"🟡 مقبول",IF(AI26>=40,"🔴 ضعيف","🚨 خطر شديد"))))))) -> 🌟 ممتاز جدًا | AK26: =IF(E25="","",MONTH(E25)) -> #VALUE! | AL26: =IF(E25="","",YEAR(E25)) -> #VALUE!
A27: الكشوفات الاسماء معتمدة | B27: =IF(E26="","",CHOOSE(WEEKDAY(E26,2),"الاثنين","الثلاثاء","الأربعاء","الخميس","الجمعة","السبت","الأحد")) -> #VALUE! | E27: الموقع جاهز ومهيأ / الاعلام | I27: المستودع — محمد بدوان | J27: محمود سالم هزاع القريناوي | V27: متابعة توزيع كعك — البريج (13 أبريل) | W27: 215 كيلو كعك — محل الجوهرة النصيرات — منطقة البريج — جودة ممتازة | X27: لا | Y27: مذكرة تذكيرية | Z27: ممتاز 100% | AA27: ممتاز 100% | AB27: مكتمل 100% | AC27: لا خصم 0 | AD27: سمير نصار | AE27: =IFERROR(VLOOKUP(Z27,LISTS!$AL$2:$AM$1000,2,FALSE()),"") -> 100 | AF27: =IFERROR(VLOOKUP(AA27,LISTS!$AO$2:$AP$1000,2,FALSE()),"") -> 100 | AG27: =IFERROR(VLOOKUP(AB27,LISTS!$AR$2:$AS$1000,2,FALSE()),"") -> 100 | AH27: =IFERROR(VLOOKUP(AC27,LISTS!$AU$2:$AV$1000,2,FALSE()),"") -> 0 | AI27: =IF(OR(AE27="",AF27="",AG27=""),"—",IFERROR(ROUND(AE27*0.4+AF27*0.3+AG27*0.3-IF(ISNUMBER(AH27),AH27,0),1),"⚠️")) -> 100 | AJ27: =IF(AI27="—","—",IF(NOT(ISNUMBER(AI27)),"⚠️",IF(AI27>=98,"🌟 ممتاز جدًا",IF(AI27>=90,"⭐ ممتاز",IF(AI27>=75,"🟢 جيد",IF(AI27>=60,"🟡 مقبول",IF(AI27>=40,"🔴 ضعيف","🚨 خطر شديد"))))))) -> 🌟 ممتاز جدًا | AK27: =IF(E26="","",MONTH(E26)) -> #VALUE! | AL27: =IF(E26="","",YEAR(E26)) -> #VALUE!
A28: التنسيق مع الإعلام | B28: =IF(E27="","",CHOOSE(WEEKDAY(E27,2),"الاثنين","الثلاثاء","الأربعاء","الخميس","الجمعة","السبت","الأحد")) -> #VALUE! | E28: ربط الكشوفات والكبوانات بكود | F28: 0.58333333 | I28: التوثيق — براء الحسنات | N28: مؤسسة المناصرة الأردنية | V28: متابعة الرغيف الخيري — رفح مخيم اللوتس (13 أبريل) | W28: 200 ربطة(1ك) — مخيم اللوتس فش فش الشمالي — مخبز زادنا | X28: لا | Y28: مذكرة تذكيرية | Z28: ممتاز 100% | AA28: ممتاز 100% | AB28: مكتمل 100% | AC28: لا خصم 0 | AD28: سمير نصار | AE28: =IFERROR(VLOOKUP(Z28,LISTS!$AL$2:$AM$1000,2,FALSE()),"") -> 100 | AF28: =IFERROR(VLOOKUP(AA28,LISTS!$AO$2:$AP$1000,2,FALSE()),"") -> 100 | AG28: =IFERROR(VLOOKUP(AB28,LISTS!$AR$2:$AS$1000,2,FALSE()),"") -> 100 | AH28: =IFERROR(VLOOKUP(AC28,LISTS!$AU$2:$AV$1000,2,FALSE()),"") -> 0 | AI28: =IF(OR(AE28="",AF28="",AG28=""),"—",IFERROR(ROUND(AE28*0.4+AF28*0.3+AG28*0.3-IF(ISNUMBER(AH28),AH28,0),1),"⚠️")) -> 100 | AJ28: =IF(AI28="—","—",IF(NOT(ISNUMBER(AI28)),"⚠️",IF(AI28>=98,"🌟 ممتاز جدًا",IF(AI28>=90,"⭐ ممتاز",IF(AI28>=75,"🟢 جيد",IF(AI28>=60,"🟡 مقبول",IF(AI28>=40,"🔴 ضعيف","🚨 خطر شديد"))))))) -> 🌟 ممتاز جدًا | AK28: =IF(E27="","",MONTH(E27)) -> #VALUE! | AL28: =IF(E27="","",YEAR(E27)) -> #VALUE!
A29: طباعة الاعلاميات | B29: =IF(E28="","",CHOOSE(WEEKDAY(E28,2),"الاثنين","الثلاثاء","الأربعاء","الخميس","الجمعة","السبت","الأحد")) -> #VALUE! | I29: تقرير ختامي + ورابط توثيق | N29: مؤسسة المناصرة الأردنية | V29: متابعة توزيع ربطات الخبز — مكتب غزة | W29: 200 ربطة (وزن 1 كيلو) — مخيم الصفا(200) — استلام 14:00، توزيع 14:30 — جودة ممتازة | X29: لا | Y29: مذكرة تذكيرية | Z29: ممتاز 100% | AA29: ممتاز 100% | AB29: مكتمل 100% | AC29: لا خصم 0 | AD29: اياد أبو عبدو | AE29: =IFERROR(VLOOKUP(Z29,LISTS!$AL$2:$AM$1000,2,FALSE()),"") -> 100 | AF29: =IFERROR(VLOOKUP(AA29,LISTS!$AO$2:$AP$1000,2,FALSE()),"") -> 100 | AG29: =IFERROR(VLOOKUP(AB29,LISTS!$AR$2:$AS$1000,2,FALSE()),"") -> 100 | AH29: =IFERROR(VLOOKUP(AC29,LISTS!$AU$2:$AV$1000,2,FALSE()),"") -> 0 | AI29: =IF(OR(AE29="",AF29="",AG29=""),"—",IFERROR(ROUND(AE29*0.4+AF29*0.3+AG29*0.3-IF(ISNUMBER(AH29),AH29,0),1),"⚠️")) -> 100 | AJ29: =IF(AI29="—","—",IF(NOT(ISNUMBER(AI29)),"⚠️",IF(AI29>=98,"🌟 ممتاز جدًا",IF(AI29>=90,"⭐ ممتاز",IF(AI29>=75,"🟢 جيد",IF(AI29>=60,"🟡 مقبول",IF(AI29>=40,"🔴 ضعيف","🚨 خطر شديد"))))))) -> 🌟 ممتاز جدًا | AK29: =IF(E28="","",MONTH(E28)) -> #VALUE! | AL29: =IF(E28="","",YEAR(E28)) -> #VALUE!
A30: مراحل التصوير - قبل واثناء | E30: 46126 | F30: 0.5625 | I30: كشوفات توقيع الختامية | J30: احمد صالح سليمان أبو عرمانة | V30: فحص سيارة تويوتا — السائق سعيد أبو جزر | W30: نقص زيت المحرك(النصف)، عدم تسجيل سائق آخر في كشف الحركة، كاوشوك خلفي سيء(اثنين)، فراغ في الستيرن، بلف الضغط عطل، الكشاف الأمامي مكسور، الغماز محروق — تحتاج صيانة عاجلة | X30: نعم | Y30: تقرير عاجل | Z30: خطر 40% | AA30: ضعيف 50% | AB30: معلق 30% | AC30: مخالفة −25 | AD30: اياد أبو عبدو | AE30: =IFERROR(VLOOKUP(Z30,LISTS!$AL$2:$AM$1000,2,FALSE()),"") -> 40 | AF30: =IFERROR(VLOOKUP(AA30,LISTS!$AO$2:$AP$1000,2,FALSE()),"") -> 50 | AG30: =IFERROR(VLOOKUP(AB30,LISTS!$AR$2:$AS$1000,2,FALSE()),"") -> 30 | AH30: =IFERROR(VLOOKUP(AC30,LISTS!$AU$2:$AV$1000,2,FALSE()),"") -> 25 | AI30: =IF(OR(AE30="",AF30="",AG30=""),"—",IFERROR(ROUND(AE30*0.4+AF30*0.3+AG30*0.3-IF(ISNUMBER(AH30),AH30,0),1),"⚠️")) -> 15 | AJ30: =IF(AI30="—","—",IF(NOT(ISNUMBER(AI30)),"⚠️",IF(AI30>=98,"🌟 ممتاز جدًا",IF(AI30>=90,"⭐ ممتاز",IF(AI30>=75,"🟢 جيد",IF(AI30>=60,"🟡 مقبول",IF(AI30>=40,"🔴 ضعيف","🚨 خطر شديد"))))))) -> 🚨 خطر شديد | AK30: =IF(E30="","",MONTH(E30)) -> 4 | AL30: =IF(E30="","",YEAR(E30)) -> 2026
A31: =IF(I31<>"",COUNTA($I$2:I31),"") -> 30 | B31: =IF(E31="","",CHOOSE(WEEKDAY(E31,2),"الاثنين","الثلاثاء","الأربعاء","الخميس","الجمعة","السبت","الأحد")) -> الثلاثاء | C31: {=IF(E31="","",IF(M31<>"", M31&"/"&SUMPRODUCT((M$2:M31=M31)*1)&" - "&(ROW()-2), "إداري/"&SUMPRODUCT((M$2:M31="")*1)&" - "&(ROW()-2)))} -> إداري/29 - 29 | D31: =IF(AND(G31="",H31="",I31=""),"",IF(COUNTIFS(LISTS!$A$2:$A$67,G31,LISTS!$B$2:$B$67,H31,LISTS!$C$2:$C$67,I31)=0,"✗ هرم",IF(NOT(OR(Z31="ممتاز 100%",Z31="جيد 80%",Z31="مقبول 60%",Z31="خطر 40%",Z31="")),"✗ قائمة R",IF(NOT(OR(AA31="ممتاز 100%",AA31="جيد 85%",AA31="مقبول 70%",AA31="ضعيف 50%",AA31="")),"✗ قائمة S",IF(NOT(OR(AB31="مكتمل 100%",AB31="جزئي 60%",AB31="معلق 30%",AB31="مفتوح 0%",AB31="")),"✗ قائمة T",IF(NOT(OR(AC31="لا خصم 0",AC31="تأخير −5",AC31="عجز −10",AC31="جودة −15",AC31="امتثال −20",AC31="مخالفة −25",AC31="")),"✗ قائمة U",IF(AND(X31="لا",AC31<>"",AC31<>"لا خصم 0"),"✗ خصم",IF(AND(X31="نعم",AC31="لا خصم 0"),"✗ خصم",IF(AND(Z31="ممتاز 100%",AA31="ممتاز 100%",AB31<>"",AB31<>"مكتمل 100%"),"✗ إغلاق",IFERROR(IF(LEN(_xlfn.TEXTJOIN("، ",TRUE,IF(E31="","التاريخ",""),IF(F31="","الوقت",""),IF(G31="","المركز",""),IF(H31="","الدائرة",""),IF(I31="","القسم",""),IF(J31="","المسؤول",""),IF(K31="","نوع النشاط",""),IF(L31="","المشروع",""),IF(N31="","الممول",""),IF(V31="","الموضوع",""),IF(W31="","الملاحظة",""),IF(X31="","مشكلة",""),IF(Y31="","الإجراء",""),IF(Z31="","التنفيذ",""),IF(AA31="","الجودة",""),IF(AB31="","الإغلاق",""),IF(AC31="","الخصم",""),IF(AND(COUNTA($O31:$U31)>0,O31=""),"مدير المشروع",""),IF(AND(COUNTA($O31:$U31)>0,P31=""),"المستفيدين",""),IF(AND(COUNTA($O31:$U31)>0,Q31=""),"المناطق",""),IF(AND(COUNTA($O31:$U31)>0,R31=""),"الميزانية",""),IF(AND(COUNTA($O31:$U31)>0,S31=""),"نسبة الجاهزية",""),IF(AND(COUNTA($O31:$U31)>0,T31=""),"حالة الجاهزية",""),IF(AND(COUNTA($O31:$U31)>0,U31=""),"التوصيات","")))>0,"✗ ناقص: "&_xlfn.TEXTJOIN("، ",TRUE,IF(E31="","التاريخ",""),IF(F31="","الوقت",""),IF(G31="","المركز",""),IF(H31="","الدائرة",""),IF(I31="","القسم",""),IF(J31="","المسؤول",""),IF(K31="","نوع النشاط",""),IF(L31="","المشروع",""),IF(N31="","الممول",""),IF(V31="","الموضوع",""),IF(W31="","الملاحظة",""),IF(X31="","مشكلة",""),IF(Y31="","الإجراء",""),IF(Z31="","التنفيذ",""),IF(AA31="","الجودة",""),IF(AB31="","الإغلاق",""),IF(AC31="","الخصم",""),IF(AND(COUNTA($O31:$U31)>0,O31=""),"مدير المشروع",""),IF(AND(COUNTA($O31:$U31)>0,P31=""),"المستفيدين",""),IF(AND(COUNTA($O31:$U31)>0,Q31=""),"المناطق",""),IF(AND(COUNTA($O31:$U31)>0,R31=""),"الميزانية",""),IF(AND(COUNTA($O31:$U31)>0,S31=""),"نسبة الجاهزية",""),IF(AND(COUNTA($O31:$U31)>0,T31=""),"حالة الجاهزية",""),IF(AND(COUNTA($O31:$U31)>0,U31=""),"التوصيات","")),"✓"),"✓")))))))))) -> ✗ ناقص: الممول | E31: 46126 | F31: 0.5625 | G31: الجمعية | H31: دائرة المشاريع والتسويق والإعلام | I31: متابعة السيارات | J31: احمد صالح سليمان أبو عرمانة | K31: فحص سلامة | L31: متابعة السيارات | V31: فحص باص تويوتا — السائق سالم البحيصي | W31: نقص زيت المحرك، الكاوشوك الأمامي بحالة سيئة | X31: نعم | Y31: إشعار رسمي | Z31: مقبول 60% | AA31: مقبول 70% | AB31: معلق 30% | AC31: امتثال −20 | AD31: اياد أبو عبدو | AE31: =IFERROR(VLOOKUP(Z31,LISTS!$AL$2:$AM$1000,2,FALSE()),"") -> 60 | AF31: =IFERROR(VLOOKUP(AA31,LISTS!$AO$2:$AP$1000,2,FALSE()),"") -> 70 | AG31: =IFERROR(VLOOKUP(AB31,LISTS!$AR$2:$AS$1000,2,FALSE()),"") -> 30 | AH31: =IFERROR(VLOOKUP(AC31,LISTS!$AU$2:$AV$1000,2,FALSE()),"") -> 20 | AI31: =IF(OR(AE31="",AF31="",AG31=""),"—",IFERROR(ROUND(AE31*0.4+AF31*0.3+AG31*0.3-IF(ISNUMBER(AH31),AH31,0),1),"⚠️")) -> 34 | AJ31: =IF(AI31="—","—",IF(NOT(ISNUMBER(AI31)),"⚠️",IF(AI31>=98,"🌟 ممتاز جدًا",IF(AI31>=90,"⭐ ممتاز",IF(AI31>=75,"🟢 جيد",IF(AI31>=60,"🟡 مقبول",IF(AI31>=40,"🔴 ضعيف","🚨 خطر شديد"))))))) -> 🚨 خطر شديد | AK31: =IF(E31="","",MONTH(E31)) -> 4 | AL31: =IF(E31="","",YEAR(E31)) -> 2026
A32: =IF(I32<>"",COUNTA($I$2:I32),"") -> 31 | B32: =IF(E32="","",CHOOSE(WEEKDAY(E32,2),"الاثنين","الثلاثاء","الأربعاء","الخميس","الجمعة","السبت","الأحد")) -> الثلاثاء | C32: {=IF(E32="","",IF(M32<>"", M32&"/"&SUMPRODUCT((M$2:M32=M32)*1)&" - "&(ROW()-2), "إداري/"&SUMPRODUCT((M$2:M32="")*1)&" - "&(ROW()-2)))} -> إداري/30 - 30 | D32: =IF(AND(G32="",H32="",I32=""),"",IF(COUNTIFS(LISTS!$A$2:$A$67,G32,LISTS!$B$2:$B$67,H32,LISTS!$C$2:$C$67,I32)=0,"✗ هرم",IF(NOT(OR(Z32="ممتاز 100%",Z32="جيد 80%",Z32="مقبول 60%",Z32="خطر 40%",Z32="")),"✗ قائمة R",IF(NOT(OR(AA32="ممتاز 100%",AA32="جيد 85%",AA32="مقبول 70%",AA32="ضعيف 50%",AA32="")),"✗ قائمة S",IF(NOT(OR(AB32="مكتمل 100%",AB32="جزئي 60%",AB32="معلق 30%",AB32="مفتوح 0%",AB32="")),"✗ قائمة T",IF(NOT(OR(AC32="لا خصم 0",AC32="تأخير −5",AC32="عجز −10",AC32="جودة −15",AC32="امتثال −20",AC32="مخالفة −25",AC32="")),"✗ قائمة U",IF(AND(X32="لا",AC32<>"",AC32<>"لا خصم 0"),"✗ خصم",IF(AND(X32="نعم",AC32="لا خصم 0"),"✗ خصم",IF(AND(Z32="ممتاز 100%",AA32="ممتاز 100%",AB32<>"",AB32<>"مكتمل 100%"),"✗ إغلاق",IFERROR(IF(LEN(_xlfn.TEXTJOIN("، ",TRUE,IF(E32="","التاريخ",""),IF(F32="","الوقت",""),IF(G32="","المركز",""),IF(H32="","الدائرة",""),IF(I32="","القسم",""),IF(J32="","المسؤول",""),IF(K32="","نوع النشاط",""),IF(L32="","المشروع",""),IF(N32="","الممول",""),IF(V32="","الموضوع",""),IF(W32="","الملاحظة",""),IF(X32="","مشكلة",""),IF(Y32="","الإجراء",""),IF(Z32="","التنفيذ",""),IF(AA32="","الجودة",""),IF(AB32="","الإغلاق",""),IF(AC32="","الخصم",""),IF(AND(COUNTA($O32:$U32)>0,O32=""),"مدير المشروع",""),IF(AND(COUNTA($O32:$U32)>0,P32=""),"المستفيدين",""),IF(AND(COUNTA($O32:$U32)>0,Q32=""),"المناطق",""),IF(AND(COUNTA($O32:$U32)>0,R32=""),"الميزانية",""),IF(AND(COUNTA($O32:$U32)>0,S32=""),"نسبة الجاهزية",""),IF(AND(COUNTA($O32:$U32)>0,T32=""),"حالة الجاهزية",""),IF(AND(COUNTA($O32:$U32)>0,U32=""),"التوصيات","")))>0,"✗ ناقص: "&_xlfn.TEXTJOIN("، ",TRUE,IF(E32="","التاريخ",""),IF(F32="","الوقت",""),IF(G32="","المركز",""),IF(H32="","الدائرة",""),IF(I32="","القسم",""),IF(J32="","المسؤول",""),IF(K32="","نوع النشاط",""),IF(L32="","المشروع",""),IF(N32="","الممول",""),IF(V32="","الموضوع",""),IF(W32="","الملاحظة",""),IF(X32="","مشكلة",""),IF(Y32="","الإجراء",""),IF(Z32="","التنفيذ",""),IF(AA32="","الجودة",""),IF(AB32="","الإغلاق",""),IF(AC32="","الخصم",""),IF(AND(COUNTA($O32:$U32)>0,O32=""),"مدير المشروع",""),IF(AND(COUNTA($O32:$U32)>0,P32=""),"المستفيدين",""),IF(AND(COUNTA($O32:$U32)>0,Q32=""),"المناطق",""),IF(AND(COUNTA($O32:$U32)>0,R32=""),"الميزانية",""),IF(AND(COUNTA($O32:$U32)>0,S32=""),"نسبة الجاهزية",""),IF(AND(COUNTA($O32:$U32)>0,T32=""),"حالة الجاهزية",""),IF(AND(COUNTA($O32:$U32)>0,U32=""),"التوصيات","")),"✓"),"✓")))))))))) -> ✗ ناقص: الممول | E32: 46126 | F32: 0.5625 | G32: الجمعية | H32: دائرة المشاريع والتسويق والإعلام | I32: متابعة السيارات | J32: احمد صالح سليمان أبو عرمانة | K32: فحص سلامة | L32: متابعة السيارات | V32: فحص باص نص نقل — السائق عماد نطط | W32: نقص زيت البريك والكلاتش(وضع خطر)، الصملتين الخلفيتين عطل، الغماز الأيمن عطل، ضوء اللفيرس عطل، كاوشوك خلفي سيء، ماتور مساحات عطل، عداد الكيلو عطل | X32: نعم | Y32: تقرير عاجل | Z32: خطر 40% | AA32: ضعيف 50% | AB32: معلق 30% | AC32: مخالفة −25 | AD32: اياد أبو عبدو | AE32: =IFERROR(VLOOKUP(Z32,LISTS!$AL$2:$AM$1000,2,FALSE()),"") -> 40 | AF32: =IFERROR(VLOOKUP(AA32,LISTS!$AO$2:$AP$1000,2,FALSE()),"") -> 50 | AG32: =IFERROR(VLOOKUP(AB32,LISTS!$AR$2:$AS$1000,2,FALSE()),"") -> 30 | AH32: =IFERROR(VLOOKUP(AC32,LISTS!$AU$2:$AV$1000,2,FALSE()),"") -> 25 | AI32: =IF(OR(AE32="",AF32="",AG32=""),"—",IFERROR(ROUND(AE32*0.4+AF32*0.3+AG32*0.3-IF(ISNUMBER(AH32),AH32,0),1),"⚠️")) -> 15 | AJ32: =IF(AI32="—","—",IF(NOT(ISNUMBER(AI32)),"⚠️",IF(AI32>=98,"🌟 ممتاز جدًا",IF(AI32>=90,"⭐ ممتاز",IF(AI32>=75,"🟢 جيد",IF(AI32>=60,"🟡 مقبول",IF(AI32>=40,"🔴 ضعيف","🚨 خطر شديد"))))))) -> 🚨 خطر شديد | AK32: =IF(E32="","",MONTH(E32)) -> 4 | AL32: =IF(E32="","",YEAR(E32)) -> 2026
A33: =IF(I33<>"",COUNTA($I$2:I33),"") -> 32 | B33: =IF(E33="","",CHOOSE(WEEKDAY(E33,2),"الاثنين","الثلاثاء","الأربعاء","الخميس","الجمعة","السبت","الأحد")) -> الثلاثاء | C33: {=IF(E33="","",IF(M33<>"", M33&"/"&SUMPRODUCT((M$2:M33=M33)*1)&" - "&(ROW()-2), "إداري/"&SUMPRODUCT((M$2:M33="")*1)&" - "&(ROW()-2)))} -> إداري/31 - 31 | D33: =IF(AND(G33="",H33="",I33=""),"",IF(COUNTIFS(LISTS!$A$2:$A$67,G33,LISTS!$B$2:$B$67,H33,LISTS!$C$2:$C$67,I33)=0,"✗ هرم",IF(NOT(OR(Z33="ممتاز 100%",Z33="جيد 80%",Z33="مقبول 60%",Z33="خطر 40%",Z33="")),"✗ قائمة R",IF(NOT(OR(AA33="ممتاز 100%",AA33="جيد 85%",AA33="مقبول 70%",AA33="ضعيف 50%",AA33="")),"✗ قائمة S",IF(NOT(OR(AB33="مكتمل 100%",AB33="جزئي 60%",AB33="معلق 30%",AB33="مفتوح 0%",AB33="")),"✗ قائمة T",IF(NOT(OR(AC33="لا خصم 0",AC33="تأخير −5",AC33="عجز −10",AC33="جودة −15",AC33="امتثال −20",AC33="مخالفة −25",AC33="")),"✗ قائمة U",IF(AND(X33="لا",AC33<>"",AC33<>"لا خصم 0"),"✗ خصم",IF(AND(X33="نعم",AC33="لا خصم 0"),"✗ خصم",IF(AND(Z33="ممتاز 100%",AA33="ممتاز 100%",AB33<>"",AB33<>"مكتمل 100%"),"✗ إغلاق",IFERROR(IF(LEN(_xlfn.TEXTJOIN("، ",TRUE,IF(E33="","التاريخ",""),IF(F33="","الوقت",""),IF(G33="","المركز",""),IF(H33="","الدائرة",""),IF(I33="","القسم",""),IF(J33="","المسؤول",""),IF(K33="","نوع النشاط",""),IF(L33="","المشروع",""),IF(N33="","الممول",""),IF(V33="","الموضوع",""),IF(W33="","الملاحظة",""),IF(X33="","مشكلة",""),IF(Y33="","الإجراء",""),IF(Z33="","التنفيذ",""),IF(AA33="","الجودة",""),IF(AB33="","الإغلاق",""),IF(AC33="","الخصم",""),IF(AND(COUNTA($O33:$U33)>0,O33=""),"مدير المشروع",""),IF(AND(COUNTA($O33:$U33)>0,P33=""),"المستفيدين",""),IF(AND(COUNTA($O33:$U33)>0,Q33=""),"المناطق",""),IF(AND(COUNTA($O33:$U33)>0,R33=""),"الميزانية",""),IF(AND(COUNTA($O33:$U33)>0,S33=""),"نسبة الجاهزية",""),IF(AND(COUNTA($O33:$U33)>0,T33=""),"حالة الجاهزية",""),IF(AND(COUNTA($O33:$U33)>0,U33=""),"التوصيات","")))>0,"✗ ناقص: "&_xlfn.TEXTJOIN("، ",TRUE,IF(E33="","التاريخ",""),IF(F33="","الوقت",""),IF(G33="","المركز",""),IF(H33="","الدائرة",""),IF(I33="","القسم",""),IF(J33="","المسؤول",""),IF(K33="","نوع النشاط",""),IF(L33="","المشروع",""),IF(N33="","الممول",""),IF(V33="","الموضوع",""),IF(W33="","الملاحظة",""),IF(X33="","مشكلة",""),IF(Y33="","الإجراء",""),IF(Z33="","التنفيذ",""),IF(AA33="","الجودة",""),IF(AB33="","الإغلاق",""),IF(AC33="","الخصم",""),IF(AND(COUNTA($O33:$U33)>0,O33=""),"مدير المشروع",""),IF(AND(COUNTA($O33:$U33)>0,P33=""),"المستفيدين",""),IF(AND(COUNTA($O33:$U33)>0,Q33=""),"المناطق",""),IF(AND(COUNTA($O33:$U33)>0,R33=""),"الميزانية",""),IF(AND(COUNTA($O33:$U33)>0,S33=""),"نسبة الجاهزية",""),IF(AND(COUNTA($O33:$U33)>0,T33=""),"حالة الجاهزية",""),IF(AND(COUNTA($O33:$U33)>0,U33=""),"التوصيات","")),"✓"),"✓")))))))))) -> ✗ ناقص: الممول | E33: 46126 | F33: 0.5625 | G33: الجمعية | H33: دائرة المشاريع والتسويق والإعلام | I33: متابعة السيارات | J33: سعيد فرج محمدابو جزر | K33: فحص سلامة | L33: متابعة السيارات | V33: فحص سيارة سكودا — السائق سعيدابو جزر | W33: نقص زيت المحرك(النصف)، سائق آخر لا يسجل في كشف الحركة، كاوشوك خلفي سيء(اثنين)، فراغ في الستيرن، بلف الضغط عطل، الكشاف الأمامي مكسور، الغماز محروق — تحتاج صيانة عاجلة | X33: نعم | Y33: تقرير عاجل | Z33: خطر 40% | AA33: ضعيف 50% | AB33: معلق 30% | AC33: مخالفة −25 | AD33: سمير نصار | AE33: =IFERROR(VLOOKUP(Z33,LISTS!$AL$2:$AM$1000,2,FALSE()),"") -> 40 | AF33: =IFERROR(VLOOKUP(AA33,LISTS!$AO$2:$AP$1000,2,FALSE()),"") -> 50 | AG33: =IFERROR(VLOOKUP(AB33,LISTS!$AR$2:$AS$1000,2,FALSE()),"") -> 30 | AH33: =IFERROR(VLOOKUP(AC33,LISTS!$AU$2:$AV$1000,2,FALSE()),"") -> 25 | AI33: =IF(OR(AE33="",AF33="",AG33=""),"—",IFERROR(ROUND(AE33*0.4+AF33*0.3+AG33*0.3-IF(ISNUMBER(AH33),AH33,0),1),"⚠️")) -> 15 | AJ33: =IF(AI33="—","—",IF(NOT(ISNUMBER(AI33)),"⚠️",IF(AI33>=98,"🌟 ممتاز جدًا",IF(AI33>=90,"⭐ ممتاز",IF(AI33>=75,"🟢 جيد",IF(AI33>=60,"🟡 مقبول",IF(AI33>=40,"🔴 ضعيف","🚨 خطر شديد"))))))) -> 🚨 خطر شديد | AK33: =IF(E33="","",MONTH(E33)) -> 4 | AL33: =IF(E33="","",YEAR(E33)) -> 2026
A34: =IF(I34<>"",COUNTA($I$2:I34),"") -> 33 | B34: =IF(E34="","",CHOOSE(WEEKDAY(E34,2),"الاثنين","الثلاثاء","الأربعاء","الخميس","الجمعة","السبت","الأحد")) -> الثلاثاء | C34: {=IF(E34="","",IF(M34<>"", M34&"/"&SUMPRODUCT((M$2:M34=M34)*1)&" - "&(ROW()-2), "إداري/"&SUMPRODUCT((M$2:M34="")*1)&" - "&(ROW()-2)))} -> إداري/32 - 32 | D34: =IF(AND(G34="",H34="",I34=""),"",IF(COUNTIFS(LISTS!$A$2:$A$67,G34,LISTS!$B$2:$B$67,H34,LISTS!$C$2:$C$67,I34)=0,"✗ هرم",IF(NOT(OR(Z34="ممتاز 100%",Z34="جيد 80%",Z34="مقبول 60%",Z34="خطر 40%",Z34="")),"✗ قائمة R",IF(NOT(OR(AA34="ممتاز 100%",AA34="جيد 85%",AA34="مقبول 70%",AA34="ضعيف 50%",AA34="")),"✗ قائمة S",IF(NOT(OR(AB34="مكتمل 100%",AB34="جزئي 60%",AB34="معلق 30%",AB34="مفتوح 0%",AB34="")),"✗ قائمة T",IF(NOT(OR(AC34="لا خصم 0",AC34="تأخير −5",AC34="عجز −10",AC34="جودة −15",AC34="امتثال −20",AC34="مخالفة −25",AC34="")),"✗ قائمة U",IF(AND(X34="لا",AC34<>"",AC34<>"لا خصم 0"),"✗ خصم",IF(AND(X34="نعم",AC34="لا خصم 0"),"✗ خصم",IF(AND(Z34="ممتاز 100%",AA34="ممتاز 100%",AB34<>"",AB34<>"مكتمل 100%"),"✗ إغلاق",IFERROR(IF(LEN(_xlfn.TEXTJOIN("، ",TRUE,IF(E34="","التاريخ",""),IF(F34="","الوقت",""),IF(G34="","المركز",""),IF(H34="","الدائرة",""),IF(I34="","القسم",""),IF(J34="","المسؤول",""),IF(K34="","نوع النشاط",""),IF(L34="","المشروع",""),IF(N34="","الممول",""),IF(V34="","الموضوع",""),IF(W34="","الملاحظة",""),IF(X34="","مشكلة",""),IF(Y34="","الإجراء",""),IF(Z34="","التنفيذ",""),IF(AA34="","الجودة",""),IF(AB34="","الإغلاق",""),IF(AC34="","الخصم",""),IF(AND(COUNTA($O34:$U34)>0,O34=""),"مدير المشروع",""),IF(AND(COUNTA($O34:$U34)>0,P34=""),"المستفيدين",""),IF(AND(COUNTA($O34:$U34)>0,Q34=""),"المناطق",""),IF(AND(COUNTA($O34:$U34)>0,R34=""),"الميزانية",""),IF(AND(COUNTA($O34:$U34)>0,S34=""),"نسبة الجاهزية",""),IF(AND(COUNTA($O34:$U34)>0,T34=""),"حالة الجاهزية",""),IF(AND(COUNTA($O34:$U34)>0,U34=""),"التوصيات","")))>0,"✗ ناقص: "&_xlfn.TEXTJOIN("، ",TRUE,IF(E34="","التاريخ",""),IF(F34="","الوقت",""),IF(G34="","المركز",""),IF(H34="","الدائرة",""),IF(I34="","القسم",""),IF(J34="","المسؤول",""),IF(K34="","نوع النشاط",""),IF(L34="","المشروع",""),IF(N34="","الممول",""),IF(V34="","الموضوع",""),IF(W34="","الملاحظة",""),IF(X34="","مشكلة",""),IF(Y34="","الإجراء",""),IF(Z34="","التنفيذ",""),IF(AA34="","الجودة",""),IF(AB34="","الإغلاق",""),IF(AC34="","الخصم",""),IF(AND(COUNTA($O34:$U34)>0,O34=""),"مدير المشروع",""),IF(AND(COUNTA($O34:$U34)>0,P34=""),"المستفيدين",""),IF(AND(COUNTA($O34:$U34)>0,Q34=""),"المناطق",""),IF(AND(COUNTA($O34:$U34)>0,R34=""),"الميزانية",""),IF(AND(COUNTA($O34:$U34)>0,S34=""),"نسبة الجاهزية",""),IF(AND(COUNTA($O34:$U34)>0,T34=""),"حالة الجاهزية",""),IF(AND(COUNTA($O34:$U34)>0,U34=""),"التوصيات","")),"✓"),"✓")))))))))) -> ✗ ناقص: الممول | E34: 46126 | F34: 0.5625 | G34: الجمعية | H34: دائرة المشاريع والتسويق والإعلام | I34: متابعة السيارات | J34: سالم احمد حسين البحيصي | K34: فحص سلامة | L34: متابعة السيارات | V34: فحص باص تويوتا — السائق سالم البحيصي | W34: نقص زيت المحرك، الكاوشوك الأمامي بحالة سيئة | X34: نعم | Y34: إشعار رسمي | Z34: مقبول 60% | AA34: مقبول 70% | AB34: معلق 30% | AC34: امتثال −20 | AD34: سمير نصار | AE34: =IFERROR(VLOOKUP(Z34,LISTS!$AL$2:$AM$1000,2,FALSE()),"") -> 60 | AF34: =IFERROR(VLOOKUP(AA34,LISTS!$AO$2:$AP$1000,2,FALSE()),"") -> 70 | AG34: =IFERROR(VLOOKUP(AB34,LISTS!$AR$2:$AS$1000,2,FALSE()),"") -> 30 | AH34: =IFERROR(VLOOKUP(AC34,LISTS!$AU$2:$AV$1000,2,FALSE()),"") -> 20 | AI34: =IF(OR(AE34="",AF34="",AG34=""),"—",IFERROR(ROUND(AE34*0.4+AF34*0.3+AG34*0.3-IF(ISNUMBER(AH34),AH34,0),1),"⚠️")) -> 34 | AJ34: =IF(AI34="—","—",IF(NOT(ISNUMBER(AI34)),"⚠️",IF(AI34>=98,"🌟 ممتاز جدًا",IF(AI34>=90,"⭐ ممتاز",IF(AI34>=75,"🟢 جيد",IF(AI34>=60,"🟡 مقبول",IF(AI34>=40,"🔴 ضعيف","🚨 خطر شديد"))))))) -> 🚨 خطر شديد | AK34: =IF(E34="","",MONTH(E34)) -> 4 | AL34: =IF(E34="","",YEAR(E34)) -> 2026
A35: =IF(I35<>"",COUNTA($I$2:I35),"") -> 34 | B35: =IF(E35="","",CHOOSE(WEEKDAY(E35,2),"الاثنين","الثلاثاء","الأربعاء","الخميس","الجمعة","السبت","الأحد")) -> الثلاثاء | C35: {=IF(E35="","",IF(M35<>"", M35&"/"&SUMPRODUCT((M$2:M35=M35)*1)&" - "&(ROW()-2), "إداري/"&SUMPRODUCT((M$2:M35="")*1)&" - "&(ROW()-2)))} -> 100/1 - 33 | D35: =IF(AND(G35="",H35="",I35=""),"",IF(COUNTIFS(LISTS!$A$2:$A$67,G35,LISTS!$B$2:$B$67,H35,LISTS!$C$2:$C$67,I35)=0,"✗ هرم",IF(NOT(OR(Z35="ممتاز 100%",Z35="جيد 80%",Z35="مقبول 60%",Z35="خطر 40%",Z35="")),"✗ قائمة R",IF(NOT(OR(AA35="ممتاز 100%",AA35="جيد 85%",AA35="مقبول 70%",AA35="ضعيف 50%",AA35="")),"✗ قائمة S",IF(NOT(OR(AB35="مكتمل 100%",AB35="جزئي 60%",AB35="معلق 30%",AB35="مفتوح 0%",AB35="")),"✗ قائمة T",IF(NOT(OR(AC35="لا خصم 0",AC35="تأخير −5",AC35="عجز −10",AC35="جودة −15",AC35="امتثال −20",AC35="مخالفة −25",AC35="")),"✗ قائمة U",IF(AND(X35="لا",AC35<>"",AC35<>"لا خصم 0"),"✗ خصم",IF(AND(X35="نعم",AC35="لا خصم 0"),"✗ خصم",IF(AND(Z35="ممتاز 100%",AA35="ممتاز 100%",AB35<>"",AB35<>"مكتمل 100%"),"✗ إغلاق",IFERROR(IF(LEN(_xlfn.TEXTJOIN("، ",TRUE,IF(E35="","التاريخ",""),IF(F35="","الوقت",""),IF(G35="","المركز",""),IF(H35="","الدائرة",""),IF(I35="","القسم",""),IF(J35="","المسؤول",""),IF(K35="","نوع النشاط",""),IF(L35="","المشروع",""),IF(N35="","الممول",""),IF(V35="","الموضوع",""),IF(W35="","الملاحظة",""),IF(X35="","مشكلة",""),IF(Y35="","الإجراء",""),IF(Z35="","التنفيذ",""),IF(AA35="","الجودة",""),IF(AB35="","الإغلاق",""),IF(AC35="","الخصم",""),IF(AND(COUNTA($O35:$U35)>0,O35=""),"مدير المشروع",""),IF(AND(COUNTA($O35:$U35)>0,P35=""),"المستفيدين",""),IF(AND(COUNTA($O35:$U35)>0,Q35=""),"المناطق",""),IF(AND(COUNTA($O35:$U35)>0,R35=""),"الميزانية",""),IF(AND(COUNTA($O35:$U35)>0,S35=""),"نسبة الجاهزية",""),IF(AND(COUNTA($O35:$U35)>0,T35=""),"حالة الجاهزية",""),IF(AND(COUNTA($O35:$U35)>0,U35=""),"التوصيات","")))>0,"✗ ناقص: "&_xlfn.TEXTJOIN("، ",TRUE,IF(E35="","التاريخ",""),IF(F35="","الوقت",""),IF(G35="","المركز",""),IF(H35="","الدائرة",""),IF(I35="","القسم",""),IF(J35="","المسؤول",""),IF(K35="","نوع النشاط",""),IF(L35="","المشروع",""),IF(N35="","الممول",""),IF(V35="","الموضوع",""),IF(W35="","الملاحظة",""),IF(X35="","مشكلة",""),IF(Y35="","الإجراء",""),IF(Z35="","التنفيذ",""),IF(AA35="","الجودة",""),IF(AB35="","الإغلاق",""),IF(AC35="","الخصم",""),IF(AND(COUNTA($O35:$U35)>0,O35=""),"مدير المشروع",""),IF(AND(COUNTA($O35:$U35)>0,P35=""),"المستفيدين",""),IF(AND(COUNTA($O35:$U35)>0,Q35=""),"المناطق",""),IF(AND(COUNTA($O35:$U35)>0,R35=""),"الميزانية",""),IF(AND(COUNTA($O35:$U35)>0,S35=""),"نسبة الجاهزية",""),IF(AND(COUNTA($O35:$U35)>0,T35=""),"حالة الجاهزية",""),IF(AND(COUNTA($O35:$U35)>0,U35=""),"التوصيات","")),"✓"),"✓")))))))))) -> ✗ ناقص: الممول | E35: 46126 | F35: 0.5625 | G35: الجمعية | H35: دائرة المشاريع والتسويق والإعلام | I35: متابعة السيارات | J35: عماد عبد المنعم خليل نطط | K35: فحص سلامة | L35: متابعة السيارات | M35: 100 | V35: فحص باص نص نقل — السائق عماد نطط | W35: نقص زيت البريك والكلاتش(خطر)، الصملتين الخلفيتين عطل، الغماز الأيمن عطل، ضوء اللفيرس عطل، كاوشوك خلفي سيء، ماتور مساحات عطل، عداد الكيلو عطل | X35: نعم | Y35: تقرير عاجل | Z35: خطر 40% | AA35: ضعيف 50% | AB35: معلق 30% | AC35: مخالفة −25 | AD35: سمير نصار | AE35: =IFERROR(VLOOKUP(Z35,LISTS!$AL$2:$AM$1000,2,FALSE()),"") -> 40 | AF35: =IFERROR(VLOOKUP(AA35,LISTS!$AO$2:$AP$1000,2,FALSE()),"") -> 50 | AG35: =IFERROR(VLOOKUP(AB35,LISTS!$AR$2:$AS$1000,2,FALSE()),"") -> 30 | AH35: =IFERROR(VLOOKUP(AC35,LISTS!$AU$2:$AV$1000,2,FALSE()),"") -> 25 | AI35: =IF(OR(AE35="",AF35="",AG35=""),"—",IFERROR(ROUND(AE35*0.4+AF35*0.3+AG35*0.3-IF(ISNUMBER(AH35),AH35,0),1),"⚠️")) -> 15 | AJ35: =IF(AI35="—","—",IF(NOT(ISNUMBER(AI35)),"⚠️",IF(AI35>=98,"🌟 ممتاز جدًا",IF(AI35>=90,"⭐ ممتاز",IF(AI35>=75,"🟢 جيد",IF(AI35>=60,"🟡 مقبول",IF(AI35>=40,"🔴 ضعيف","🚨 خطر شديد"))))))) -> 🚨 خطر شديد | AK35: =IF(E35="","",MONTH(E35)) -> 4 | AL35: =IF(E35="","",YEAR(E35)) -> 2026
A36: =IF(I36<>"",COUNTA($I$2:I36),"") -> 35 | B36: =IF(E36="","",CHOOSE(WEEKDAY(E36,2),"الاثنين","الثلاثاء","الأربعاء","الخميس","الجمعة","السبت","الأحد")) -> الثلاثاء | C36: {=IF(E36="","",IF(M36<>"", M36&"/"&SUMPRODUCT((M$2:M36=M36)*1)&" - "&(ROW()-2), "إداري/"&SUMPRODUCT((M$2:M36="")*1)&" - "&(ROW()-2)))} -> إداري/33 - 34 | D36: =IF(AND(G36="",H36="",I36=""),"",IF(COUNTIFS(LISTS!$A$2:$A$67,G36,LISTS!$B$2:$B$67,H36,LISTS!$C$2:$C$67,I36)=0,"✗ هرم",IF(NOT(OR(Z36="ممتاز 100%",Z36="جيد 80%",Z36="مقبول 60%",Z36="خطر 40%",Z36="")),"✗ قائمة R",IF(NOT(OR(AA36="ممتاز 100%",AA36="جيد 85%",AA36="مقبول 70%",AA36="ضعيف 50%",AA36="")),"✗ قائمة S",IF(NOT(OR(AB36="مكتمل 100%",AB36="جزئي 60%",AB36="معلق 30%",AB36="مفتوح 0%",AB36="")),"✗ قائمة T",IF(NOT(OR(AC36="لا خصم 0",AC36="تأخير −5",AC36="عجز −10",AC36="جودة −15",AC36="امتثال −20",AC36="مخالفة −25",AC36="")),"✗ قائمة U",IF(AND(X36="لا",AC36<>"",AC36<>"لا خصم 0"),"✗ خصم",IF(AND(X36="نعم",AC36="لا خصم 0"),"✗ خصم",IF(AND(Z36="ممتاز 100%",AA36="ممتاز 100%",AB36<>"",AB36<>"مكتمل 100%"),"✗ إغلاق",IFERROR(IF(LEN(_xlfn.TEXTJOIN("، ",TRUE,IF(E36="","التاريخ",""),IF(F36="","الوقت",""),IF(G36="","المركز",""),IF(H36="","الدائرة",""),IF(I36="","القسم",""),IF(J36="","المسؤول",""),IF(K36="","نوع النشاط",""),IF(L36="","المشروع",""),IF(N36="","الممول",""),IF(V36="","الموضوع",""),IF(W36="","الملاحظة",""),IF(X36="","مشكلة",""),IF(Y36="","الإجراء",""),IF(Z36="","التنفيذ",""),IF(AA36="","الجودة",""),IF(AB36="","الإغلاق",""),IF(AC36="","الخصم",""),IF(AND(COUNTA($O36:$U36)>0,O36=""),"مدير المشروع",""),IF(AND(COUNTA($O36:$U36)>0,P36=""),"المستفيدين",""),IF(AND(COUNTA($O36:$U36)>0,Q36=""),"المناطق",""),IF(AND(COUNTA($O36:$U36)>0,R36=""),"الميزانية",""),IF(AND(COUNTA($O36:$U36)>0,S36=""),"نسبة الجاهزية",""),IF(AND(COUNTA($O36:$U36)>0,T36=""),"حالة الجاهزية",""),IF(AND(COUNTA($O36:$U36)>0,U36=""),"التوصيات","")))>0,"✗ ناقص: "&_xlfn.TEXTJOIN("، ",TRUE,IF(E36="","التاريخ",""),IF(F36="","الوقت",""),IF(G36="","المركز",""),IF(H36="","الدائرة",""),IF(I36="","القسم",""),IF(J36="","المسؤول",""),IF(K36="","نوع النشاط",""),IF(L36="","المشروع",""),IF(N36="","الممول",""),IF(V36="","الموضوع",""),IF(W36="","الملاحظة",""),IF(X36="","مشكلة",""),IF(Y36="","الإجراء",""),IF(Z36="","التنفيذ",""),IF(AA36="","الجودة",""),IF(AB36="","الإغلاق",""),IF(AC36="","الخصم",""),IF(AND(COUNTA($O36:$U36)>0,O36=""),"مدير المشروع",""),IF(AND(COUNTA($O36:$U36)>0,P36=""),"المستفيدين",""),IF(AND(COUNTA($O36:$U36)>0,Q36=""),"المناطق",""),IF(AND(COUNTA($O36:$U36)>0,R36=""),"الميزانية",""),IF(AND(COUNTA($O36:$U36)>0,S36=""),"نسبة الجاهزية",""),IF(AND(COUNTA($O36:$U36)>0,T36=""),"حالة الجاهزية",""),IF(AND(COUNTA($O36:$U36)>0,U36=""),"التوصيات","")),"✓"),"✓")))))))))) -> ✗ ناقص: الممول | E36: 46126 | F36: 0.45486111 | G36: الجمعية | H36: دائرة المشاريع والتسويق والإعلام | I36: مكتب المغازي | J36: طارق حسن ع.القادر قنديل | K36: تفتيش ميداني | L36: كعك العيد | V36: متابعة توزيع كعك — المغازي (14 أبريل) | W36: 215 كيلو كعك — مركز الوسطى الطبي — جودة ممتازة | X36: لا | Y36: مذكرة تذكيرية | Z36: ممتاز 100% | AA36: ممتاز 100% | AB36: مكتمل 100% | AC36: لا خصم 0 | AD36: سمير نصار | AE36: =IFERROR(VLOOKUP(Z36,LISTS!$AL$2:$AM$1000,2,FALSE()),"") -> 100 | AF36: =IFERROR(VLOOKUP(AA36,LISTS!$AO$2:$AP$1000,2,FALSE()),"") -> 100 | AG36: =IFERROR(VLOOKUP(AB36,LISTS!$AR$2:$AS$1000,2,FALSE()),"") -> 100 | AH36: =IFERROR(VLOOKUP(AC36,LISTS!$AU$2:$AV$1000,2,FALSE()),"") -> 0 | AI36: =IF(OR(AE36="",AF36="",AG36=""),"—",IFERROR(ROUND(AE36*0.4+AF36*0.3+AG36*0.3-IF(ISNUMBER(AH36),AH36,0),1),"⚠️")) -> 100 | AJ36: =IF(AI36="—","—",IF(NOT(ISNUMBER(AI36)),"⚠️",IF(AI36>=98,"🌟 ممتاز جدًا",IF(AI36>=90,"⭐ ممتاز",IF(AI36>=75,"🟢 جيد",IF(AI36>=60,"🟡 مقبول",IF(AI36>=40,"🔴 ضعيف","🚨 خطر شديد"))))))) -> 🌟 ممتاز جدًا | AK36: =IF(E36="","",MONTH(E36)) -> 4 | AL36: =IF(E36="","",YEAR(E36)) -> 2026
A37: =IF(I37<>"",COUNTA($I$2:I37),"") -> 36 | B37: =IF(E37="","",CHOOSE(WEEKDAY(E37,2),"الاثنين","الثلاثاء","الأربعاء","الخميس","الجمعة","السبت","الأحد")) -> الثلاثاء | C37: {=IF(E37="","",IF(M37<>"", M37&"/"&SUMPRODUCT((M$2:M37=M37)*1)&" - "&(ROW()-2), "إداري/"&SUMPRODUCT((M$2:M37="")*1)&" - "&(ROW()-2)))} -> إداري/34 - 35 | D37: =IF(AND(G37="",H37="",I37=""),"",IF(COUNTIFS(LISTS!$A$2:$A$67,G37,LISTS!$B$2:$B$67,H37,LISTS!$C$2:$C$67,I37)=0,"✗ هرم",IF(NOT(OR(Z37="ممتاز 100%",Z37="جيد 80%",Z37="مقبول 60%",Z37="خطر 40%",Z37="")),"✗ قائمة R",IF(NOT(OR(AA37="ممتاز 100%",AA37="جيد 85%",AA37="مقبول 70%",AA37="ضعيف 50%",AA37="")),"✗ قائمة S",IF(NOT(OR(AB37="مكتمل 100%",AB37="جزئي 60%",AB37="معلق 30%",AB37="مفتوح 0%",AB37="")),"✗ قائمة T",IF(NOT(OR(AC37="لا خصم 0",AC37="تأخير −5",AC37="عجز −10",AC37="جودة −15",AC37="امتثال −20",AC37="مخالفة −25",AC37="")),"✗ قائمة U",IF(AND(X37="لا",AC37<>"",AC37<>"لا خصم 0"),"✗ خصم",IF(AND(X37="نعم",AC37="لا خصم 0"),"✗ خصم",IF(AND(Z37="ممتاز 100%",AA37="ممتاز 100%",AB37<>"",AB37<>"مكتمل 100%"),"✗ إغلاق",IFERROR(IF(LEN(_xlfn.TEXTJOIN("، ",TRUE,IF(E37="","التاريخ",""),IF(F37="","الوقت",""),IF(G37="","المركز",""),IF(H37="","الدائرة",""),IF(I37="","القسم",""),IF(J37="","المسؤول",""),IF(K37="","نوع النشاط",""),IF(L37="","المشروع",""),IF(N37="","الممول",""),IF(V37="","الموضوع",""),IF(W37="","الملاحظة",""),IF(X37="","مشكلة",""),IF(Y37="","الإجراء",""),IF(Z37="","التنفيذ",""),IF(AA37="","الجودة",""),IF(AB37="","الإغلاق",""),IF(AC37="","الخصم",""),IF(AND(COUNTA($O37:$U37)>0,O37=""),"مدير المشروع",""),IF(AND(COUNTA($O37:$U37)>0,P37=""),"المستفيدين",""),IF(AND(COUNTA($O37:$U37)>0,Q37=""),"المناطق",""),IF(AND(COUNTA($O37:$U37)>0,R37=""),"الميزانية",""),IF(AND(COUNTA($O37:$U37)>0,S37=""),"نسبة الجاهزية",""),IF(AND(COUNTA($O37:$U37)>0,T37=""),"حالة الجاهزية",""),IF(AND(COUNTA($O37:$U37)>0,U37=""),"التوصيات","")))>0,"✗ ناقص: "&_xlfn.TEXTJOIN("، ",TRUE,IF(E37="","التاريخ",""),IF(F37="","الوقت",""),IF(G37="","المركز",""),IF(H37="","الدائرة",""),IF(I37="","القسم",""),IF(J37="","المسؤول",""),IF(K37="","نوع النشاط",""),IF(L37="","المشروع",""),IF(N37="","الممول",""),IF(V37="","الموضوع",""),IF(W37="","الملاحظة",""),IF(X37="","مشكلة",""),IF(Y37="","الإجراء",""),IF(Z37="","التنفيذ",""),IF(AA37="","الجودة",""),IF(AB37="","الإغلاق",""),IF(AC37="","الخصم",""),IF(AND(COUNTA($O37:$U37)>0,O37=""),"مدير المشروع",""),IF(AND(COUNTA($O37:$U37)>0,P37=""),"المستفيدين",""),IF(AND(COUNTA($O37:$U37)>0,Q37=""),"المناطق",""),IF(AND(COUNTA($O37:$U37)>0,R37=""),"الميزانية",""),IF(AND(COUNTA($O37:$U37)>0,S37=""),"نسبة الجاهزية",""),IF(AND(COUNTA($O37:$U37)>0,T37=""),"حالة الجاهزية",""),IF(AND(COUNTA($O37:$U37)>0,U37=""),"التوصيات","")),"✓"),"✓")))))))))) -> ✓ | E37: 46126 | F37: 0.50694444 | G37: الجمعية | H37: دائرة المشاريع والتسويق والإعلام | I37: مكتب البريج | J37: محمود سالم هزاع القريناوي | K37: تفتيش ميداني | L37: الرغيف الخيري | N37: مؤسسة المناصرة الأردنية | V37: متابعة الرغيف الخيري — البريج إيواء الأخوة (14 أبريل) | W37: 200 ربطة(1ك) — إيواء الأخوة — مخبز زادنا — استلام 12:45 — جودة ممتازة | X37: لا | Y37: مذكرة تذكيرية | Z37: ممتاز 100% | AA37: ممتاز 100% | AB37: مكتمل 100% | AC37: لا خصم 0 | AD37: سمير نصار | AE37: =IFERROR(VLOOKUP(Z37,LISTS!$AL$2:$AM$1000,2,FALSE()),"") -> 100 | AF37: =IFERROR(VLOOKUP(AA37,LISTS!$AO$2:$AP$1000,2,FALSE()),"") -> 100 | AG37: =IFERROR(VLOOKUP(AB37,LISTS!$AR$2:$AS$1000,2,FALSE()),"") -> 100 | AH37: =IFERROR(VLOOKUP(AC37,LISTS!$AU$2:$AV$1000,2,FALSE()),"") -> 0 | AI37: =IF(OR(AE37="",AF37="",AG37=""),"—",IFERROR(ROUND(AE37*0.4+AF37*0.3+AG37*0.3-IF(ISNUMBER(AH37),AH37,0),1),"⚠️")) -> 100 | AJ37: =IF(AI37="—","—",IF(NOT(ISNUMBER(AI37)),"⚠️",IF(AI37>=98,"🌟 ممتاز جدًا",IF(AI37>=90,"⭐ ممتاز",IF(AI37>=75,"🟢 جيد",IF(AI37>=60,"🟡 مقبول",IF(AI37>=40,"🔴 ضعيف","🚨 خطر شديد"))))))) -> 🌟 ممتاز جدًا | AK37: =IF(E37="","",MONTH(E37)) -> 4 | AL37: =IF(E37="","",YEAR(E37)) -> 2026
A38: =IF(I38<>"",COUNTA($I$2:I38),"") -> 37 | B38: =IF(E38="","",CHOOSE(WEEKDAY(E38,2),"الاثنين","الثلاثاء","الأربعاء","الخميس","الجمعة","السبت","الأحد")) -> الثلاثاء | C38: {=IF(E38="","",IF(M38<>"", M38&"/"&SUMPRODUCT((M$2:M38=M38)*1)&" - "&(ROW()-2), "إداري/"&SUMPRODUCT((M$2:M38="")*1)&" - "&(ROW()-2)))} -> إداري/35 - 36 | D38: =IF(AND(G38="",H38="",I38=""),"",IF(COUNTIFS(LISTS!$A$2:$A$67,G38,LISTS!$B$2:$B$67,H38,LISTS!$C$2:$C$67,I38)=0,"✗ هرم",IF(NOT(OR(Z38="ممتاز 100%",Z38="جيد 80%",Z38="مقبول 60%",Z38="خطر 40%",Z38="")),"✗ قائمة R",IF(NOT(OR(AA38="ممتاز 100%",AA38="جيد 85%",AA38="مقبول 70%",AA38="ضعيف 50%",AA38="")),"✗ قائمة S",IF(NOT(OR(AB38="مكتمل 100%",AB38="جزئي 60%",AB38="معلق 30%",AB38="مفتوح 0%",AB38="")),"✗ قائمة T",IF(NOT(OR(AC38="لا خصم 0",AC38="تأخير −5",AC38="عجز −10",AC38="جودة −15",AC38="امتثال −20",AC38="مخالفة −25",AC38="")),"✗ قائمة U",IF(AND(X38="لا",AC38<>"",AC38<>"لا خصم 0"),"✗ خصم",IF(AND(X38="نعم",AC38="لا خصم 0"),"✗ خصم",IF(AND(Z38="ممتاز 100%",AA38="ممتاز 100%",AB38<>"",AB38<>"مكتمل 100%"),"✗ إغلاق",IFERROR(IF(LEN(_xlfn.TEXTJOIN("، ",TRUE,IF(E38="","التاريخ",""),IF(F38="","الوقت",""),IF(G38="","المركز",""),IF(H38="","الدائرة",""),IF(I38="","القسم",""),IF(J38="","المسؤول",""),IF(K38="","نوع النشاط",""),IF(L38="","المشروع",""),IF(N38="","الممول",""),IF(V38="","الموضوع",""),IF(W38="","الملاحظة",""),IF(X38="","مشكلة",""),IF(Y38="","الإجراء",""),IF(Z38="","التنفيذ",""),IF(AA38="","الجودة",""),IF(AB38="","الإغلاق",""),IF(AC38="","الخصم",""),IF(AND(COUNTA($O38:$U38)>0,O38=""),"مدير المشروع",""),IF(AND(COUNTA($O38:$U38)>0,P38=""),"المستفيدين",""),IF(AND(COUNTA($O38:$U38)>0,Q38=""),"المناطق",""),IF(AND(COUNTA($O38:$U38)>0,R38=""),"الميزانية",""),IF(AND(COUNTA($O38:$U38)>0,S38=""),"نسبة الجاهزية",""),IF(AND(COUNTA($O38:$U38)>0,T38=""),"حالة الجاهزية",""),IF(AND(COUNTA($O38:$U38)>0,U38=""),"التوصيات","")))>0,"✗ ناقص: "&_xlfn.TEXTJOIN("، ",TRUE,IF(E38="","التاريخ",""),IF(F38="","الوقت",""),IF(G38="","المركز",""),IF(H38="","الدائرة",""),IF(I38="","القسم",""),IF(J38="","المسؤول",""),IF(K38="","نوع النشاط",""),IF(L38="","المشروع",""),IF(N38="","الممول",""),IF(V38="","الموضوع",""),IF(W38="","الملاحظة",""),IF(X38="","مشكلة",""),IF(Y38="","الإجراء",""),IF(Z38="","التنفيذ",""),IF(AA38="","الجودة",""),IF(AB38="","الإغلاق",""),IF(AC38="","الخصم",""),IF(AND(COUNTA($O38:$U38)>0,O38=""),"مدير المشروع",""),IF(AND(COUNTA($O38:$U38)>0,P38=""),"المستفيدين",""),IF(AND(COUNTA($O38:$U38)>0,Q38=""),"المناطق",""),IF(AND(COUNTA($O38:$U38)>0,R38=""),"الميزانية",""),IF(AND(COUNTA($O38:$U38)>0,S38=""),"نسبة الجاهزية",""),IF(AND(COUNTA($O38:$U38)>0,T38=""),"حالة الجاهزية",""),IF(AND(COUNTA($O38:$U38)>0,U38=""),"التوصيات","")),"✓"),"✓")))))))))) -> ✗ ناقص: الممول | E38: 46126 | F38: 0.55555556 | G38: الجمعية | H38: دائرة المشاريع والتسويق والإعلام | I38: مكتب الزوايدة | J38: بسام محمد حميدان الخطيب | K38: تفتيش ميداني | L38: معلبات لحمة | V38: متابعة توزيع علب حليب — الزوايدة (14 أبريل) | W38: 375 علبة حليب — الزوايدة — جمعية إغاثة أطفال فلسطين | X38: لا | Y38: مذكرة تذكيرية | Z38: ممتاز 100% | AA38: ممتاز 100% | AB38: مكتمل 100% | AC38: لا خصم 0 | AD38: سمير نصار | AE38: =IFERROR(VLOOKUP(Z38,LISTS!$AL$2:$AM$1000,2,FALSE()),"") -> 100 | AF38: =IFERROR(VLOOKUP(AA38,LISTS!$AO$2:$AP$1000,2,FALSE()),"") -> 100 | AG38: =IFERROR(VLOOKUP(AB38,LISTS!$AR$2:$AS$1000,2,FALSE()),"") -> 100 | AH38: =IFERROR(VLOOKUP(AC38,LISTS!$AU$2:$AV$1000,2,FALSE()),"") -> 0 | AI38: =IF(OR(AE38="",AF38="",AG38=""),"—",IFERROR(ROUND(AE38*0.4+AF38*0.3+AG38*0.3-IF(ISNUMBER(AH38),AH38,0),1),"⚠️")) -> 100 | AJ38: =IF(AI38="—","—",IF(NOT(ISNUMBER(AI38)),"⚠️",IF(AI38>=98,"🌟 ممتاز جدًا",IF(AI38>=90,"⭐ ممتاز",IF(AI38>=75,"🟢 جيد",IF(AI38>=60,"🟡 مقبول",IF(AI38>=40,"🔴 ضعيف","🚨 خطر شديد"))))))) -> 🌟 ممتاز جدًا | AK38: =IF(E38="","",MONTH(E38)) -> 4 | AL38: =IF(E38="","",YEAR(E38)) -> 2026
A39: =IF(I39<>"",COUNTA($I$2:I39),"") -> 38 | B39: =IF(E39="","",CHOOSE(WEEKDAY(E39,2),"الاثنين","الثلاثاء","الأربعاء","الخميس","الجمعة","السبت","الأحد")) -> الأربعاء | C39: {=IF(E39="","",IF(M39<>"", M39&"/"&SUMPRODUCT((M$2:M39=M39)*1)&" - "&(ROW()-2), "إداري/"&SUMPRODUCT((M$2:M39="")*1)&" - "&(ROW()-2)))} -> إداري/36 - 37 | D39: =IF(AND(G39="",H39="",I39=""),"",IF(COUNTIFS(LISTS!$A$2:$A$67,G39,LISTS!$B$2:$B$67,H39,LISTS!$C$2:$C$67,I39)=0,"✗ هرم",IF(NOT(OR(Z39="ممتاز 100%",Z39="جيد 80%",Z39="مقبول 60%",Z39="خطر 40%",Z39="")),"✗ قائمة R",IF(NOT(OR(AA39="ممتاز 100%",AA39="جيد 85%",AA39="مقبول 70%",AA39="ضعيف 50%",AA39="")),"✗ قائمة S",IF(NOT(OR(AB39="مكتمل 100%",AB39="جزئي 60%",AB39="معلق 30%",AB39="مفتوح 0%",AB39="")),"✗ قائمة T",IF(NOT(OR(AC39="لا خصم 0",AC39="تأخير −5",AC39="عجز −10",AC39="جودة −15",AC39="امتثال −20",AC39="مخالفة −25",AC39="")),"✗ قائمة U",IF(AND(X39="لا",AC39<>"",AC39<>"لا خصم 0"),"✗ خصم",IF(AND(X39="نعم",AC39="لا خصم 0"),"✗ خصم",IF(AND(Z39="ممتاز 100%",AA39="ممتاز 100%",AB39<>"",AB39<>"مكتمل 100%"),"✗ إغلاق",IFERROR(IF(LEN(_xlfn.TEXTJOIN("، ",TRUE,IF(E39="","التاريخ",""),IF(F39="","الوقت",""),IF(G39="","المركز",""),IF(H39="","الدائرة",""),IF(I39="","القسم",""),IF(J39="","المسؤول",""),IF(K39="","نوع النشاط",""),IF(L39="","المشروع",""),IF(N39="","الممول",""),IF(V39="","الموضوع",""),IF(W39="","الملاحظة",""),IF(X39="","مشكلة",""),IF(Y39="","الإجراء",""),IF(Z39="","التنفيذ",""),IF(AA39="","الجودة",""),IF(AB39="","الإغلاق",""),IF(AC39="","الخصم",""),IF(AND(COUNTA($O39:$U39)>0,O39=""),"مدير المشروع",""),IF(AND(COUNTA($O39:$U39)>0,P39=""),"المستفيدين",""),IF(AND(COUNTA($O39:$U39)>0,Q39=""),"المناطق",""),IF(AND(COUNTA($O39:$U39)>0,R39=""),"الميزانية",""),IF(AND(COUNTA($O39:$U39)>0,S39=""),"نسبة الجاهزية",""),IF(AND(COUNTA($O39:$U39)>0,T39=""),"حالة الجاهزية",""),IF(AND(COUNTA($O39:$U39)>0,U39=""),"التوصيات","")))>0,"✗ ناقص: "&_xlfn.TEXTJOIN("، ",TRUE,IF(E39="","التاريخ",""),IF(F39="","الوقت",""),IF(G39="","المركز",""),IF(H39="","الدائرة",""),IF(I39="","القسم",""),IF(J39="","المسؤول",""),IF(K39="","نوع النشاط",""),IF(L39="","المشروع",""),IF(N39="","الممول",""),IF(V39="","الموضوع",""),IF(W39="","الملاحظة",""),IF(X39="","مشكلة",""),IF(Y39="","الإجراء",""),IF(Z39="","التنفيذ",""),IF(AA39="","الجودة",""),IF(AB39="","الإغلاق",""),IF(AC39="","الخصم",""),IF(AND(COUNTA($O39:$U39)>0,O39=""),"مدير المشروع",""),IF(AND(COUNTA($O39:$U39)>0,P39=""),"المستفيدين",""),IF(AND(COUNTA($O39:$U39)>0,Q39=""),"المناطق",""),IF(AND(COUNTA($O39:$U39)>0,R39=""),"الميزانية",""),IF(AND(COUNTA($O39:$U39)>0,S39=""),"نسبة الجاهزية",""),IF(AND(COUNTA($O39:$U39)>0,T39=""),"حالة الجاهزية",""),IF(AND(COUNTA($O39:$U39)>0,U39=""),"التوصيات","")),"✓"),"✓")))))))))) -> ✗ ناقص: الممول | E39: 46127 | F39: 0.38194444 | G39: الجمعية | H39: دائرة المشاريع والتسويق والإعلام | I39: متابعة السيارات | J39: احمد صالح سليمانابو عرمانة | K39: فحص سلامة | L39: متابعة السيارات | V39: فحص سيارة كرافتا — السائق أحمد التليني (15 أبريل) | W39: عدم تسجيل السائق يوسف منصور في كشف الحركة، نقص زيت البريك، سنبرس أمامي متهالك — مشكلة تكررت | X39: نعم | Y39: تحذير كتابي | Z39: مقبول 60% | AA39: مقبول 70% | AB39: معلق 30% | AC39: امتثال −20 | AD39: سمير نصار | AE39: =IFERROR(VLOOKUP(Z39,LISTS!$AL$2:$AM$1000,2,FALSE()),"") -> 60 | AF39: =IFERROR(VLOOKUP(AA39,LISTS!$AO$2:$AP$1000,2,FALSE()),"") -> 70 | AG39: =IFERROR(VLOOKUP(AB39,LISTS!$AR$2:$AS$1000,2,FALSE()),"") -> 30 | AH39: =IFERROR(VLOOKUP(AC39,LISTS!$AU$2:$AV$1000,2,FALSE()),"") -> 20 | AI39: =IF(OR(AE39="",AF39="",AG39=""),"—",IFERROR(ROUND(AE39*0.4+AF39*0.3+AG39*0.3-IF(ISNUMBER(AH39),AH39,0),1),"⚠️")) -> 34 | AJ39: =IF(AI39="—","—",IF(NOT(ISNUMBER(AI39)),"⚠️",IF(AI39>=98,"🌟 ممتاز جدًا",IF(AI39>=90,"⭐ ممتاز",IF(AI39>=75,"🟢 جيد",IF(AI39>=60,"🟡 مقبول",IF(AI39>=40,"🔴 ضعيف","🚨 خطر شديد"))))))) -> 🚨 خطر شديد | AK39: =IF(E39="","",MONTH(E39)) -> 4 | AL39: =IF(E39="","",YEAR(E39)) -> 2026
A40: =IF(I40<>"",COUNTA($I$2:I40),"") -> 39 | B40: =IF(E40="","",CHOOSE(WEEKDAY(E40,2),"الاثنين","الثلاثاء","الأربعاء","الخميس","الجمعة","السبت","الأحد")) -> الأربعاء | C40: {=IF(E40="","",IF(M40<>"", M40&"/"&SUMPRODUCT((M$2:M40=M40)*1)&" - "&(ROW()-2), "إداري/"&SUMPRODUCT((M$2:M40="")*1)&" - "&(ROW()-2)))} -> إداري/37 - 38 | D40: =IF(AND(G40="",H40="",I40=""),"",IF(COUNTIFS(LISTS!$A$2:$A$67,G40,LISTS!$B$2:$B$67,H40,LISTS!$C$2:$C$67,I40)=0,"✗ هرم",IF(NOT(OR(Z40="ممتاز 100%",Z40="جيد 80%",Z40="مقبول 60%",Z40="خطر 40%",Z40="")),"✗ قائمة R",IF(NOT(OR(AA40="ممتاز 100%",AA40="جيد 85%",AA40="مقبول 70%",AA40="ضعيف 50%",AA40="")),"✗ قائمة S",IF(NOT(OR(AB40="مكتمل 100%",AB40="جزئي 60%",AB40="معلق 30%",AB40="مفتوح 0%",AB40="")),"✗ قائمة T",IF(NOT(OR(AC40="لا خصم 0",AC40="تأخير −5",AC40="عجز −10",AC40="جودة −15",AC40="امتثال −20",AC40="مخالفة −25",AC40="")),"✗ قائمة U",IF(AND(X40="لا",AC40<>"",AC40<>"لا خصم 0"),"✗ خصم",IF(AND(X40="نعم",AC40="لا خصم 0"),"✗ خصم",IF(AND(Z40="ممتاز 100%",AA40="ممتاز 100%",AB40<>"",AB40<>"مكتمل 100%"),"✗ إغلاق",IFERROR(IF(LEN(_xlfn.TEXTJOIN("، ",TRUE,IF(E40="","التاريخ",""),IF(F40="","الوقت",""),IF(G40="","المركز",""),IF(H40="","الدائرة",""),IF(I40="","القسم",""),IF(J40="","المسؤول",""),IF(K40="","نوع النشاط",""),IF(L40="","المشروع",""),IF(N40="","الممول",""),IF(V40="","الموضوع",""),IF(W40="","الملاحظة",""),IF(X40="","مشكلة",""),IF(Y40="","الإجراء",""),IF(Z40="","التنفيذ",""),IF(AA40="","الجودة",""),IF(AB40="","الإغلاق",""),IF(AC40="","الخصم",""),IF(AND(COUNTA($O40:$U40)>0,O40=""),"مدير المشروع",""),IF(AND(COUNTA($O40:$U40)>0,P40=""),"المستفيدين",""),IF(AND(COUNTA($O40:$U40)>0,Q40=""),"المناطق",""),IF(AND(COUNTA($O40:$U40)>0,R40=""),"الميزانية",""),IF(AND(COUNTA($O40:$U40)>0,S40=""),"نسبة الجاهزية",""),IF(AND(COUNTA($O40:$U40)>0,T40=""),"حالة الجاهزية",""),IF(AND(COUNTA($O40:$U40)>0,U40=""),"التوصيات","")))>0,"✗ ناقص: "&_xlfn.TEXTJOIN("، ",TRUE,IF(E40="","التاريخ",""),IF(F40="","الوقت",""),IF(G40="","المركز",""),IF(H40="","الدائرة",""),IF(I40="","القسم",""),IF(J40="","المسؤول",""),IF(K40="","نوع النشاط",""),IF(L40="","المشروع",""),IF(N40="","الممول",""),IF(V40="","الموضوع",""),IF(W40="","الملاحظة",""),IF(X40="","مشكلة",""),IF(Y40="","الإجراء",""),IF(Z40="","التنفيذ",""),IF(AA40="","الجودة",""),IF(AB40="","الإغلاق",""),IF(AC40="","الخصم",""),IF(AND(COUNTA($O40:$U40)>0,O40=""),"مدير المشروع",""),IF(AND(COUNTA($O40:$U40)>0,P40=""),"المستفيدين",""),IF(AND(COUNTA($O40:$U40)>0,Q40=""),"المناطق",""),IF(AND(COUNTA($O40:$U40)>0,R40=""),"الميزانية",""),IF(AND(COUNTA($O40:$U40)>0,S40=""),"نسبة الجاهزية",""),IF(AND(COUNTA($O40:$U40)>0,T40=""),"حالة الجاهزية",""),IF(AND(COUNTA($O40:$U40)>0,U40=""),"التوصيات","")),"✓"),"✓")))))))))) -> ✗ ناقص: الممول | E40: 46127 | F40: 0.46527778 | G40: الجمعية | H40: دائرة المشاريع والتسويق والإعلام | I40: مكتب الزوايدة | J40: بسام محمد حميدان الخطيب | K40: تفتيش ميداني | L40: كعك العيد | V40: متابعة توزيع كعك — الزوايدة (15 أبريل) | W40: 218 كيلو كعك — السواركة وأبو شميس — جودة ممتازة ومغلف بغلاف متين | X40: لا | Y40: مذكرة تذكيرية | Z40: ممتاز 100% | AA40: ممتاز 100% | AB40: مكتمل 100% | AC40: لا خصم 0 | AD40: سمير نصار | AE40: =IFERROR(VLOOKUP(Z40,LISTS!$AL$2:$AM$1000,2,FALSE()),"") -> 100 | AF40: =IFERROR(VLOOKUP(AA40,LISTS!$AO$2:$AP$1000,2,FALSE()),"") -> 100 | AG40: =IFERROR(VLOOKUP(AB40,LISTS!$AR$2:$AS$1000,2,FALSE()),"") -> 100 | AH40: =IFERROR(VLOOKUP(AC40,LISTS!$AU$2:$AV$1000,2,FALSE()),"") -> 0 | AI40: =IF(OR(AE40="",AF40="",AG40=""),"—",IFERROR(ROUND(AE40*0.4+AF40*0.3+AG40*0.3-IF(ISNUMBER(AH40),AH40,0),1),"⚠️")) -> 100 | AJ40: =IF(AI40="—","—",IF(NOT(ISNUMBER(AI40)),"⚠️",IF(AI40>=98,"🌟 ممتاز جدًا",IF(AI40>=90,"⭐ ممتاز",IF(AI40>=75,"🟢 جيد",IF(AI40>=60,"🟡 مقبول",IF(AI40>=40,"🔴 ضعيف","🚨 خطر شديد"))))))) -> 🌟 ممتاز جدًا | AK40: =IF(E40="","",MONTH(E40)) -> 4 | AL40: =IF(E40="","",YEAR(E40)) -> 2026
A41: =IF(I41<>"",COUNTA($I$2:I41),"") -> 40 | B41: =IF(E41="","",CHOOSE(WEEKDAY(E41,2),"الاثنين","الثلاثاء","الأربعاء","الخميس","الجمعة","السبت","الأحد")) -> الأربعاء | C41: {=IF(E41="","",IF(M41<>"", M41&"/"&SUMPRODUCT((M$2:M41=M41)*1)&" - "&(ROW()-2), "إداري/"&SUMPRODUCT((M$2:M41="")*1)&" - "&(ROW()-2)))} -> إداري/38 - 39 | D41: =IF(AND(G41="",H41="",I41=""),"",IF(COUNTIFS(LISTS!$A$2:$A$67,G41,LISTS!$B$2:$B$67,H41,LISTS!$C$2:$C$67,I41)=0,"✗ هرم",IF(NOT(OR(Z41="ممتاز 100%",Z41="جيد 80%",Z41="مقبول 60%",Z41="خطر 40%",Z41="")),"✗ قائمة R",IF(NOT(OR(AA41="ممتاز 100%",AA41="جيد 85%",AA41="مقبول 70%",AA41="ضعيف 50%",AA41="")),"✗ قائمة S",IF(NOT(OR(AB41="مكتمل 100%",AB41="جزئي 60%",AB41="معلق 30%",AB41="مفتوح 0%",AB41="")),"✗ قائمة T",IF(NOT(OR(AC41="لا خصم 0",AC41="تأخير −5",AC41="عجز −10",AC41="جودة −15",AC41="امتثال −20",AC41="مخالفة −25",AC41="")),"✗ قائمة U",IF(AND(X41="لا",AC41<>"",AC41<>"لا خصم 0"),"✗ خصم",IF(AND(X41="نعم",AC41="لا خصم 0"),"✗ خصم",IF(AND(Z41="ممتاز 100%",AA41="ممتاز 100%",AB41<>"",AB41<>"مكتمل 100%"),"✗ إغلاق",IFERROR(IF(LEN(_xlfn.TEXTJOIN("، ",TRUE,IF(E41="","التاريخ",""),IF(F41="","الوقت",""),IF(G41="","المركز",""),IF(H41="","الدائرة",""),IF(I41="","القسم",""),IF(J41="","المسؤول",""),IF(K41="","نوع النشاط",""),IF(L41="","المشروع",""),IF(N41="","الممول",""),IF(V41="","الموضوع",""),IF(W41="","الملاحظة",""),IF(X41="","مشكلة",""),IF(Y41="","الإجراء",""),IF(Z41="","التنفيذ",""),IF(AA41="","الجودة",""),IF(AB41="","الإغلاق",""),IF(AC41="","الخصم",""),IF(AND(COUNTA($O41:$U41)>0,O41=""),"مدير المشروع",""),IF(AND(COUNTA($O41:$U41)>0,P41=""),"المستفيدين",""),IF(AND(COUNTA($O41:$U41)>0,Q41=""),"المناطق",""),IF(AND(COUNTA($O41:$U41)>0,R41=""),"الميزانية",""),IF(AND(COUNTA($O41:$U41)>0,S41=""),"نسبة الجاهزية",""),IF(AND(COUNTA($O41:$U41)>0,T41=""),"حالة الجاهزية",""),IF(AND(COUNTA($O41:$U41)>0,U41=""),"التوصيات","")))>0,"✗ ناقص: "&_xlfn.TEXTJOIN("، ",TRUE,IF(E41="","التاريخ",""),IF(F41="","الوقت",""),IF(G41="","المركز",""),IF(H41="","الدائرة",""),IF(I41="","القسم",""),IF(J41="","المسؤول",""),IF(K41="","نوع النشاط",""),IF(L41="","المشروع",""),IF(N41="","الممول",""),IF(V41="","الموضوع",""),IF(W41="","الملاحظة",""),IF(X41="","مشكلة",""),IF(Y41="","الإجراء",""),IF(Z41="","التنفيذ",""),IF(AA41="","الجودة",""),IF(AB41="","الإغلاق",""),IF(AC41="","الخصم",""),IF(AND(COUNTA($O41:$U41)>0,O41=""),"مدير المشروع",""),IF(AND(COUNTA($O41:$U41)>0,P41=""),"المستفيدين",""),IF(AND(COUNTA($O41:$U41)>0,Q41=""),"المناطق",""),IF(AND(COUNTA($O41:$U41)>0,R41=""),"الميزانية",""),IF(AND(COUNTA($O41:$U41)>0,S41=""),"نسبة الجاهزية",""),IF(AND(COUNTA($O41:$U41)>0,T41=""),"حالة الجاهزية",""),IF(AND(COUNTA($O41:$U41)>0,U41=""),"التوصيات","")),"✓"),"✓")))))))))) -> ✓ | E41: 46127 | F41: 0.43055556 | G41: الجمعية | H41: دائرة المشاريع والتسويق والإعلام | I41: مكتب خانيونس | J41: جهاد محمد محروس ابو الريش | K41: تفتيش ميداني | L41: الرغيف الخيري | N41: مؤسسة المناصرة الأردنية | V41: متابعة الرغيف الخيري — خانيونس مخيم عبد الجواد (15 أبريل) | W41: 200 ربطة(1ك) — مخيم عبد الجواد — مخبز زادنا | X41: لا | Y41: مذكرة تذكيرية | Z41: ممتاز 100% | AA41: ممتاز 100% | AB41: مكتمل 100% | AC41: لا خصم 0 | AD41: سمير نصار | AE41: =IFERROR(VLOOKUP(Z41,LISTS!$AL$2:$AM$1000,2,FALSE()),"") -> 100 | AF41: =IFERROR(VLOOKUP(AA41,LISTS!$AO$2:$AP$1000,2,FALSE()),"") -> 100 | AG41: =IFERROR(VLOOKUP(AB41,LISTS!$AR$2:$AS$1000,2,FALSE()),"") -> 100 | AH41: =IFERROR(VLOOKUP(AC41,LISTS!$AU$2:$AV$1000,2,FALSE()),"") -> 0 | AI41: =IF(OR(AE41="",AF41="",AG41=""),"—",IFERROR(ROUND(AE41*0.4+AF41*0.3+AG41*0.3-IF(ISNUMBER(AH41),AH41,0),1),"⚠️")) -> 100 | AJ41: =IF(AI41="—","—",IF(NOT(ISNUMBER(AI41)),"⚠️",IF(AI41>=98,"🌟 ممتاز جدًا",IF(AI41>=90,"⭐ ممتاز",IF(AI41>=75,"🟢 جيد",IF(AI41>=60,"🟡 مقبول",IF(AI41>=40,"🔴 ضعيف","🚨 خطر شديد"))))))) -> 🌟 ممتاز جدًا | AK41: =IF(E41="","",MONTH(E41)) -> 4 | AL41: =IF(E41="","",YEAR(E41)) -> 2026
A42: =IF(I42<>"",COUNTA($I$2:I42),"") -> 41 | B42: =IF(E42="","",CHOOSE(WEEKDAY(E42,2),"الاثنين","الثلاثاء","الأربعاء","الخميس","الجمعة","السبت","الأحد")) -> الأربعاء | C42: {=IF(E42="","",IF(M42<>"", M42&"/"&SUMPRODUCT((M$2:M42=M42)*1)&" - "&(ROW()-2), "إداري/"&SUMPRODUCT((M$2:M42="")*1)&" - "&(ROW()-2)))} -> 101/1 - 40 | D42: =IF(AND(G42="",H42="",I42=""),"",IF(COUNTIFS(LISTS!$A$2:$A$67,G42,LISTS!$B$2:$B$67,H42,LISTS!$C$2:$C$67,I42)=0,"✗ هرم",IF(NOT(OR(Z42="ممتاز 100%",Z42="جيد 80%",Z42="مقبول 60%",Z42="خطر 40%",Z42="")),"✗ قائمة R",IF(NOT(OR(AA42="ممتاز 100%",AA42="جيد 85%",AA42="مقبول 70%",AA42="ضعيف 50%",AA42="")),"✗ قائمة S",IF(NOT(OR(AB42="مكتمل 100%",AB42="جزئي 60%",AB42="معلق 30%",AB42="مفتوح 0%",AB42="")),"✗ قائمة T",IF(NOT(OR(AC42="لا خصم 0",AC42="تأخير −5",AC42="عجز −10",AC42="جودة −15",AC42="امتثال −20",AC42="مخالفة −25",AC42="")),"✗ قائمة U",IF(AND(X42="لا",AC42<>"",AC42<>"لا خصم 0"),"✗ خصم",IF(AND(X42="نعم",AC42="لا خصم 0"),"✗ خصم",IF(AND(Z42="ممتاز 100%",AA42="ممتاز 100%",AB42<>"",AB42<>"مكتمل 100%"),"✗ إغلاق",IFERROR(IF(LEN(_xlfn.TEXTJOIN("، ",TRUE,IF(E42="","التاريخ",""),IF(F42="","الوقت",""),IF(G42="","المركز",""),IF(H42="","الدائرة",""),IF(I42="","القسم",""),IF(J42="","المسؤول",""),IF(K42="","نوع النشاط",""),IF(L42="","المشروع",""),IF(N42="","الممول",""),IF(V42="","الموضوع",""),IF(W42="","الملاحظة",""),IF(X42="","مشكلة",""),IF(Y42="","الإجراء",""),IF(Z42="","التنفيذ",""),IF(AA42="","الجودة",""),IF(AB42="","الإغلاق",""),IF(AC42="","الخصم",""),IF(AND(COUNTA($O42:$U42)>0,O42=""),"مدير المشروع",""),IF(AND(COUNTA($O42:$U42)>0,P42=""),"المستفيدين",""),IF(AND(COUNTA($O42:$U42)>0,Q42=""),"المناطق",""),IF(AND(COUNTA($O42:$U42)>0,R42=""),"الميزانية",""),IF(AND(COUNTA($O42:$U42)>0,S42=""),"نسبة الجاهزية",""),IF(AND(COUNTA($O42:$U42)>0,T42=""),"حالة الجاهزية",""),IF(AND(COUNTA($O42:$U42)>0,U42=""),"التوصيات","")))>0,"✗ ناقص: "&_xlfn.TEXTJOIN("، ",TRUE,IF(E42="","التاريخ",""),IF(F42="","الوقت",""),IF(G42="","المركز",""),IF(H42="","الدائرة",""),IF(I42="","القسم",""),IF(J42="","المسؤول",""),IF(K42="","نوع النشاط",""),IF(L42="","المشروع",""),IF(N42="","الممول",""),IF(V42="","الموضوع",""),IF(W42="","الملاحظة",""),IF(X42="","مشكلة",""),IF(Y42="","الإجراء",""),IF(Z42="","التنفيذ",""),IF(AA42="","الجودة",""),IF(AB42="","الإغلاق",""),IF(AC42="","الخصم",""),IF(AND(COUNTA($O42:$U42)>0,O42=""),"مدير المشروع",""),IF(AND(COUNTA($O42:$U42)>0,P42=""),"المستفيدين",""),IF(AND(COUNTA($O42:$U42)>0,Q42=""),"المناطق",""),IF(AND(COUNTA($O42:$U42)>0,R42=""),"الميزانية",""),IF(AND(COUNTA($O42:$U42)>0,S42=""),"نسبة الجاهزية",""),IF(AND(COUNTA($O42:$U42)>0,T42=""),"حالة الجاهزية",""),IF(AND(COUNTA($O42:$U42)>0,U42=""),"التوصيات","")),"✓"),"✓")))))))))) -> ✗ ناقص: المسؤول | E42: 46127 | F42: 0.47916667 | G42: الجمعية | H42: دائرة المشاريع والتسويق والإعلام | I42: مكتب رفح | K42: تفتيش ميداني | L42: الرغيف الخيري | M42: 101 | N42: مؤسسة المناصرة الأردنية | V42: متابعة الرغيف الخيري — رفح مخيم العزة (15 أبريل) | W42: 200 ربطة(1ك) — مخيم العزة فش فش الشمالي — مخبز زادنا — استلام 12:20، توزيع 12:30 | X42: لا | Y42: مذكرة تذكيرية | Z42: ممتاز 100% | AA42: ممتاز 100% | AB42: مكتمل 100% | AC42: لا خصم 0 | AD42: سمير نصار | AE42: =IFERROR(VLOOKUP(Z42,LISTS!$AL$2:$AM$1000,2,FALSE()),"") -> 100 | AF42: =IFERROR(VLOOKUP(AA42,LISTS!$AO$2:$AP$1000,2,FALSE()),"") -> 100 | AG42: =IFERROR(VLOOKUP(AB42,LISTS!$AR$2:$AS$1000,2,FALSE()),"") -> 100 | AH42: =IFERROR(VLOOKUP(AC42,LISTS!$AU$2:$AV$1000,2,FALSE()),"") -> 0 | AI42: =IF(OR(AE42="",AF42="",AG42=""),"—",IFERROR(ROUND(AE42*0.4+AF42*0.3+AG42*0.3-IF(ISNUMBER(AH42),AH42,0),1),"⚠️")) -> 100 | AJ42: =IF(AI42="—","—",IF(NOT(ISNUMBER(AI42)),"⚠️",IF(AI42>=98,"🌟 ممتاز جدًا",IF(AI42>=90,"⭐ ممتاز",IF(AI42>=75,"🟢 جيد",IF(AI42>=60,"🟡 مقبول",IF(AI42>=40,"🔴 ضعيف","🚨 خطر شديد"))))))) -> 🌟 ممتاز جدًا | AK42: =IF(E42="","",MONTH(E42)) -> 4 | AL42: =IF(E42="","",YEAR(E42)) -> 2026
A43: =IF(I43<>"",COUNTA($I$2:I43),"") -> 42 | B43: =IF(E43="","",CHOOSE(WEEKDAY(E43,2),"الاثنين","الثلاثاء","الأربعاء","الخميس","الجمعة","السبت","الأحد")) -> الخميس | C43: {=IF(E43="","",IF(M43<>"", M43&"/"&SUMPRODUCT((M$2:M43=M43)*1)&" - "&(ROW()-2), "إداري/"&SUMPRODUCT((M$2:M43="")*1)&" - "&(ROW()-2)))} -> إداري/39 - 41 | D43: =IF(AND(G43="",H43="",I43=""),"",IF(COUNTIFS(LISTS!$A$2:$A$67,G43,LISTS!$B$2:$B$67,H43,LISTS!$C$2:$C$67,I43)=0,"✗ هرم",IF(NOT(OR(Z43="ممتاز 100%",Z43="جيد 80%",Z43="مقبول 60%",Z43="خطر 40%",Z43="")),"✗ قائمة R",IF(NOT(OR(AA43="ممتاز 100%",AA43="جيد 85%",AA43="مقبول 70%",AA43="ضعيف 50%",AA43="")),"✗ قائمة S",IF(NOT(OR(AB43="مكتمل 100%",AB43="جزئي 60%",AB43="معلق 30%",AB43="مفتوح 0%",AB43="")),"✗ قائمة T",IF(NOT(OR(AC43="لا خصم 0",AC43="تأخير −5",AC43="عجز −10",AC43="جودة −15",AC43="امتثال −20",AC43="مخالفة −25",AC43="")),"✗ قائمة U",IF(AND(X43="لا",AC43<>"",AC43<>"لا خصم 0"),"✗ خصم",IF(AND(X43="نعم",AC43="لا خصم 0"),"✗ خصم",IF(AND(Z43="ممتاز 100%",AA43="ممتاز 100%",AB43<>"",AB43<>"مكتمل 100%"),"✗ إغلاق",IFERROR(IF(LEN(_xlfn.TEXTJOIN("، ",TRUE,IF(E43="","التاريخ",""),IF(F43="","الوقت",""),IF(G43="","المركز",""),IF(H43="","الدائرة",""),IF(I43="","القسم",""),IF(J43="","المسؤول",""),IF(K43="","نوع النشاط",""),IF(L43="","المشروع",""),IF(N43="","الممول",""),IF(V43="","الموضوع",""),IF(W43="","الملاحظة",""),IF(X43="","مشكلة",""),IF(Y43="","الإجراء",""),IF(Z43="","التنفيذ",""),IF(AA43="","الجودة",""),IF(AB43="","الإغلاق",""),IF(AC43="","الخصم",""),IF(AND(COUNTA($O43:$U43)>0,O43=""),"مدير المشروع",""),IF(AND(COUNTA($O43:$U43)>0,P43=""),"المستفيدين",""),IF(AND(COUNTA($O43:$U43)>0,Q43=""),"المناطق",""),IF(AND(COUNTA($O43:$U43)>0,R43=""),"الميزانية",""),IF(AND(COUNTA($O43:$U43)>0,S43=""),"نسبة الجاهزية",""),IF(AND(COUNTA($O43:$U43)>0,T43=""),"حالة الجاهزية",""),IF(AND(COUNTA($O43:$U43)>0,U43=""),"التوصيات","")))>0,"✗ ناقص: "&_xlfn.TEXTJOIN("، ",TRUE,IF(E43="","التاريخ",""),IF(F43="","الوقت",""),IF(G43="","المركز",""),IF(H43="","الدائرة",""),IF(I43="","القسم",""),IF(J43="","المسؤول",""),IF(K43="","نوع النشاط",""),IF(L43="","المشروع",""),IF(N43="","الممول",""),IF(V43="","الموضوع",""),IF(W43="","الملاحظة",""),IF(X43="","مشكلة",""),IF(Y43="","الإجراء",""),IF(Z43="","التنفيذ",""),IF(AA43="","الجودة",""),IF(AB43="","الإغلاق",""),IF(AC43="","الخصم",""),IF(AND(COUNTA($O43:$U43)>0,O43=""),"مدير المشروع",""),IF(AND(COUNTA($O43:$U43)>0,P43=""),"المستفيدين",""),IF(AND(COUNTA($O43:$U43)>0,Q43=""),"المناطق",""),IF(AND(COUNTA($O43:$U43)>0,R43=""),"الميزانية",""),IF(AND(COUNTA($O43:$U43)>0,S43=""),"نسبة الجاهزية",""),IF(AND(COUNTA($O43:$U43)>0,T43=""),"حالة الجاهزية",""),IF(AND(COUNTA($O43:$U43)>0,U43=""),"التوصيات","")),"✓"),"✓")))))))))) -> ✗ ناقص: الممول | E43: 46128 | F43: 0.53125 | G43: الجمعية | H43: دائرة المشاريع والتسويق والإعلام | I43: مكتب البريج | J43: محمود سالم هزاع القريناوي | K43: متابعة شكاوى | L43: سقيا ماء | V43: شكوى نقص سقيا الماء — البريج (16 أبريل) | W43: تم تخصيص 10 كوب ووصل 5 فقط(سيارة واحدة من اثنتين) — منظمة إجابة — السائق حسن إسليم — نطالب بمتابعة وحل المشكلة | X43: نعم | Y43: تقرير عاجل | Z43: مقبول 60% | AA43: مقبول 70% | AB43: معلق 30% | AC43: عجز −10 | AD43: سمير نصار | AE43: =IFERROR(VLOOKUP(Z43,LISTS!$AL$2:$AM$1000,2,FALSE()),"") -> 60 | AF43: =IFERROR(VLOOKUP(AA43,LISTS!$AO$2:$AP$1000,2,FALSE()),"") -> 70 | AG43: =IFERROR(VLOOKUP(AB43,LISTS!$AR$2:$AS$1000,2,FALSE()),"") -> 30 | AH43: =IFERROR(VLOOKUP(AC43,LISTS!$AU$2:$AV$1000,2,FALSE()),"") -> 10 | AI43: =IF(OR(AE43="",AF43="",AG43=""),"—",IFERROR(ROUND(AE43*0.4+AF43*0.3+AG43*0.3-IF(ISNUMBER(AH43),AH43,0),1),"⚠️")) -> 44 | AJ43: =IF(AI43="—","—",IF(NOT(ISNUMBER(AI43)),"⚠️",IF(AI43>=98,"🌟 ممتاز جدًا",IF(AI43>=90,"⭐ ممتاز",IF(AI43>=75,"🟢 جيد",IF(AI43>=60,"🟡 مقبول",IF(AI43>=40,"🔴 ضعيف","🚨 خطر شديد"))))))) -> 🔴 ضعيف | AK43: =IF(E43="","",MONTH(E43)) -> 4 | AL43: =IF(E43="","",YEAR(E43)) -> 2026
A44: =IF(I44<>"",COUNTA($I$2:I44),"") -> 43 | B44: =IF(E44="","",CHOOSE(WEEKDAY(E44,2),"الاثنين","الثلاثاء","الأربعاء","الخميس","الجمعة","السبت","الأحد")) -> السبت | C44: {=IF(E44="","",IF(M44<>"", M44&"/"&SUMPRODUCT((M$2:M44=M44)*1)&" - "&(ROW()-2), "إداري/"&SUMPRODUCT((M$2:M44="")*1)&" - "&(ROW()-2)))} -> 105/1 - 42 | D44: =IF(AND(G44="",H44="",I44=""),"",IF(COUNTIFS(LISTS!$A$2:$A$67,G44,LISTS!$B$2:$B$67,H44,LISTS!$C$2:$C$67,I44)=0,"✗ هرم",IF(NOT(OR(Z44="ممتاز 100%",Z44="جيد 80%",Z44="مقبول 60%",Z44="خطر 40%",Z44="")),"✗ قائمة R",IF(NOT(OR(AA44="ممتاز 100%",AA44="جيد 85%",AA44="مقبول 70%",AA44="ضعيف 50%",AA44="")),"✗ قائمة S",IF(NOT(OR(AB44="مكتمل 100%",AB44="جزئي 60%",AB44="معلق 30%",AB44="مفتوح 0%",AB44="")),"✗ قائمة T",IF(NOT(OR(AC44="لا خصم 0",AC44="تأخير −5",AC44="عجز −10",AC44="جودة −15",AC44="امتثال −20",AC44="مخالفة −25",AC44="")),"✗ قائمة U",IF(AND(X44="لا",AC44<>"",AC44<>"لا خصم 0"),"✗ خصم",IF(AND(X44="نعم",AC44="لا خصم 0"),"✗ خصم",IF(AND(Z44="ممتاز 100%",AA44="ممتاز 100%",AB44<>"",AB44<>"مكتمل 100%"),"✗ إغلاق",IFERROR(IF(LEN(_xlfn.TEXTJOIN("، ",TRUE,IF(E44="","التاريخ",""),IF(F44="","الوقت",""),IF(G44="","المركز",""),IF(H44="","الدائرة",""),IF(I44="","القسم",""),IF(J44="","المسؤول",""),IF(K44="","نوع النشاط",""),IF(L44="","المشروع",""),IF(N44="","الممول",""),IF(V44="","الموضوع",""),IF(W44="","الملاحظة",""),IF(X44="","مشكلة",""),IF(Y44="","الإجراء",""),IF(Z44="","التنفيذ",""),IF(AA44="","الجودة",""),IF(AB44="","الإغلاق",""),IF(AC44="","الخصم",""),IF(AND(COUNTA($O44:$U44)>0,O44=""),"مدير المشروع",""),IF(AND(COUNTA($O44:$U44)>0,P44=""),"المستفيدين",""),IF(AND(COUNTA($O44:$U44)>0,Q44=""),"المناطق",""),IF(AND(COUNTA($O44:$U44)>0,R44=""),"الميزانية",""),IF(AND(COUNTA($O44:$U44)>0,S44=""),"نسبة الجاهزية",""),IF(AND(COUNTA($O44:$U44)>0,T44=""),"حالة الجاهزية",""),IF(AND(COUNTA($O44:$U44)>0,U44=""),"التوصيات","")))>0,"✗ ناقص: "&_xlfn.TEXTJOIN("، ",TRUE,IF(E44="","التاريخ",""),IF(F44="","الوقت",""),IF(G44="","المركز",""),IF(H44="","الدائرة",""),IF(I44="","القسم",""),IF(J44="","المسؤول",""),IF(K44="","نوع النشاط",""),IF(L44="","المشروع",""),IF(N44="","الممول",""),IF(V44="","الموضوع",""),IF(W44="","الملاحظة",""),IF(X44="","مشكلة",""),IF(Y44="","الإجراء",""),IF(Z44="","التنفيذ",""),IF(AA44="","الجودة",""),IF(AB44="","الإغلاق",""),IF(AC44="","الخصم",""),IF(AND(COUNTA($O44:$U44)>0,O44=""),"مدير المشروع",""),IF(AND(COUNTA($O44:$U44)>0,P44=""),"المستفيدين",""),IF(AND(COUNTA($O44:$U44)>0,Q44=""),"المناطق",""),IF(AND(COUNTA($O44:$U44)>0,R44=""),"الميزانية",""),IF(AND(COUNTA($O44:$U44)>0,S44=""),"نسبة الجاهزية",""),IF(AND(COUNTA($O44:$U44)>0,T44=""),"حالة الجاهزية",""),IF(AND(COUNTA($O44:$U44)>0,U44=""),"التوصيات","")),"✓"),"✓")))))))))) -> ✓ | E44: 46130 | F44: 0.48611111 | G44: الجمعية | H44: دائرة المشاريع والتسويق والإعلام | I44: مكتب خانيونس | J44: جهاد محمد محروس ابو الريش | K44: تفتيش ميداني | L44: الرغيف الخيري | M44: 105 | N44: مؤسسة المناصرة الأردنية | V44: متابعة الرغيف الخيري — خانيونس مخيم طارق بن زياد (18 أبريل) | W44: 200 ربطة(1ك) — مخيم طارق بن زياد — مخبز زادنا — استلام 11:40، توزيع 12:30 | X44: لا | Y44: مذكرة تذكيرية | Z44: ممتاز 100% | AA44: ممتاز 100% | AB44: مكتمل 100% | AC44: لا خصم 0 | AD44: سمير نصار | AE44: =IFERROR(VLOOKUP(Z44,LISTS!$AL$2:$AM$1000,2,FALSE()),"") -> 100 | AF44: =IFERROR(VLOOKUP(AA44,LISTS!$AO$2:$AP$1000,2,FALSE()),"") -> 100 | AG44: =IFERROR(VLOOKUP(AB44,LISTS!$AR$2:$AS$1000,2,FALSE()),"") -> 100 | AH44: =IFERROR(VLOOKUP(AC44,LISTS!$AU$2:$AV$1000,2,FALSE()),"") -> 0 | AI44: =IF(OR(AE44="",AF44="",AG44=""),"—",IFERROR(ROUND(AE44*0.4+AF44*0.3+AG44*0.3-IF(ISNUMBER(AH44),AH44,0),1),"⚠️")) -> 100 | AJ44: =IF(AI44="—","—",IF(NOT(ISNUMBER(AI44)),"⚠️",IF(AI44>=98,"🌟 ممتاز جدًا",IF(AI44>=90,"⭐ ممتاز",IF(AI44>=75,"🟢 جيد",IF(AI44>=60,"🟡 مقبول",IF(AI44>=40,"🔴 ضعيف","🚨 خطر شديد"))))))) -> 🌟 ممتاز جدًا | AK44: =IF(E44="","",MONTH(E44)) -> 4 | AL44: =IF(E44="","",YEAR(E44)) -> 2026
A45: =IF(I45<>"",COUNTA($I$2:I45),"") -> 44 | B45: =IF(E45="","",CHOOSE(WEEKDAY(E45,2),"الاثنين","الثلاثاء","الأربعاء","الخميس","الجمعة","السبت","الأحد")) -> السبت | C45: {=IF(E45="","",IF(M45<>"", M45&"/"&SUMPRODUCT((M$2:M45=M45)*1)&" - "&(ROW()-2), "إداري/"&SUMPRODUCT((M$2:M45="")*1)&" - "&(ROW()-2)))} -> إداري/40 - 43 | D45: =IF(AND(G45="",H45="",I45=""),"",IF(COUNTIFS(LISTS!$A$2:$A$67,G45,LISTS!$B$2:$B$67,H45,LISTS!$C$2:$C$67,I45)=0,"✗ هرم",IF(NOT(OR(Z45="ممتاز 100%",Z45="جيد 80%",Z45="مقبول 60%",Z45="خطر 40%",Z45="")),"✗ قائمة R",IF(NOT(OR(AA45="ممتاز 100%",AA45="جيد 85%",AA45="مقبول 70%",AA45="ضعيف 50%",AA45="")),"✗ قائمة S",IF(NOT(OR(AB45="مكتمل 100%",AB45="جزئي 60%",AB45="معلق 30%",AB45="مفتوح 0%",AB45="")),"✗ قائمة T",IF(NOT(OR(AC45="لا خصم 0",AC45="تأخير −5",AC45="عجز −10",AC45="جودة −15",AC45="امتثال −20",AC45="مخالفة −25",AC45="")),"✗ قائمة U",IF(AND(X45="لا",AC45<>"",AC45<>"لا خصم 0"),"✗ خصم",IF(AND(X45="نعم",AC45="لا خصم 0"),"✗ خصم",IF(AND(Z45="ممتاز 100%",AA45="ممتاز 100%",AB45<>"",AB45<>"مكتمل 100%"),"✗ إغلاق",IFERROR(IF(LEN(_xlfn.TEXTJOIN("، ",TRUE,IF(E45="","التاريخ",""),IF(F45="","الوقت",""),IF(G45="","المركز",""),IF(H45="","الدائرة",""),IF(I45="","القسم",""),IF(J45="","المسؤول",""),IF(K45="","نوع النشاط",""),IF(L45="","المشروع",""),IF(N45="","الممول",""),IF(V45="","الموضوع",""),IF(W45="","الملاحظة",""),IF(X45="","مشكلة",""),IF(Y45="","الإجراء",""),IF(Z45="","التنفيذ",""),IF(AA45="","الجودة",""),IF(AB45="","الإغلاق",""),IF(AC45="","الخصم",""),IF(AND(COUNTA($O45:$U45)>0,O45=""),"مدير المشروع",""),IF(AND(COUNTA($O45:$U45)>0,P45=""),"المستفيدين",""),IF(AND(COUNTA($O45:$U45)>0,Q45=""),"المناطق",""),IF(AND(COUNTA($O45:$U45)>0,R45=""),"الميزانية",""),IF(AND(COUNTA($O45:$U45)>0,S45=""),"نسبة الجاهزية",""),IF(AND(COUNTA($O45:$U45)>0,T45=""),"حالة الجاهزية",""),IF(AND(COUNTA($O45:$U45)>0,U45=""),"التوصيات","")))>0,"✗ ناقص: "&_xlfn.TEXTJOIN("، ",TRUE,IF(E45="","التاريخ",""),IF(F45="","الوقت",""),IF(G45="","المركز",""),IF(H45="","الدائرة",""),IF(I45="","القسم",""),IF(J45="","المسؤول",""),IF(K45="","نوع النشاط",""),IF(L45="","المشروع",""),IF(N45="","الممول",""),IF(V45="","الموضوع",""),IF(W45="","الملاحظة",""),IF(X45="","مشكلة",""),IF(Y45="","الإجراء",""),IF(Z45="","التنفيذ",""),IF(AA45="","الجودة",""),IF(AB45="","الإغلاق",""),IF(AC45="","الخصم",""),IF(AND(COUNTA($O45:$U45)>0,O45=""),"مدير المشروع",""),IF(AND(COUNTA($O45:$U45)>0,P45=""),"المستفيدين",""),IF(AND(COUNTA($O45:$U45)>0,Q45=""),"المناطق",""),IF(AND(COUNTA($O45:$U45)>0,R45=""),"الميزانية",""),IF(AND(COUNTA($O45:$U45)>0,S45=""),"نسبة الجاهزية",""),IF(AND(COUNTA($O45:$U45)>0,T45=""),"حالة الجاهزية",""),IF(AND(COUNTA($O45:$U45)>0,U45=""),"التوصيات","")),"✓"),"✓")))))))))) -> ✗ ناقص: المسؤول | E45: 46130 | F45: 0.47083333 | G45: الجمعية | H45: دائرة المشاريع والتسويق والإعلام | I45: مكتب رفح | K45: تفتيش ميداني | L45: الرغيف الخيري | N45: مؤسسة المناصرة الأردنية | V45: متابعة الرغيف الخيري — رفح مخيم السلام (18 أبريل) | W45: 200 ربطة(1ك) — مخيم السلام فش فش الشمالي — استلام 12:20، توزيع 12:30 | X45: لا | Y45: مذكرة تذكيرية | Z45: ممتاز 100% | AA45: ممتاز 100% | AB45: مكتمل 100% | AC45: لا خصم 0 | AD45: سمير نصار | AE45: =IFERROR(VLOOKUP(Z45,LISTS!$AL$2:$AM$1000,2,FALSE()),"") -> 100 | AF45: =IFERROR(VLOOKUP(AA45,LISTS!$AO$2:$AP$1000,2,FALSE()),"") -> 100 | AG45: =IFERROR(VLOOKUP(AB45,LISTS!$AR$2:$AS$1000,2,FALSE()),"") -> 100 | AH45: =IFERROR(VLOOKUP(AC45,LISTS!$AU$2:$AV$1000,2,FALSE()),"") -> 0 | AI45: =IF(OR(AE45="",AF45="",AG45=""),"—",IFERROR(ROUND(AE45*0.4+AF45*0.3+AG45*0.3-IF(ISNUMBER(AH45),AH45,0),1),"⚠️")) -> 100 | AJ45: =IF(AI45="—","—",IF(NOT(ISNUMBER(AI45)),"⚠️",IF(AI45>=98,"🌟 ممتاز جدًا",IF(AI45>=90,"⭐ ممتاز",IF(AI45>=75,"🟢 جيد",IF(AI45>=60,"🟡 مقبول",IF(AI45>=40,"🔴 ضعيف","🚨 خطر شديد"))))))) -> 🌟 ممتاز جدًا | AK45: =IF(E45="","",MONTH(E45)) -> 4 | AL45: =IF(E45="","",YEAR(E45)) -> 2026
A46: =IF(I46<>"",COUNTA($I$2:I46),"") -> 45 | B46: =IF(E46="","",CHOOSE(WEEKDAY(E46,2),"الاثنين","الثلاثاء","الأربعاء","الخميس","الجمعة","السبت","الأحد")) -> السبت | C46: {=IF(E46="","",IF(M46<>"", M46&"/"&SUMPRODUCT((M$2:M46=M46)*1)&" - "&(ROW()-2), "إداري/"&SUMPRODUCT((M$2:M46="")*1)&" - "&(ROW()-2)))} -> إداري/41 - 44 | D46: =IF(AND(G46="",H46="",I46=""),"",IF(COUNTIFS(LISTS!$A$2:$A$67,G46,LISTS!$B$2:$B$67,H46,LISTS!$C$2:$C$67,I46)=0,"✗ هرم",IF(NOT(OR(Z46="ممتاز 100%",Z46="جيد 80%",Z46="مقبول 60%",Z46="خطر 40%",Z46="")),"✗ قائمة R",IF(NOT(OR(AA46="ممتاز 100%",AA46="جيد 85%",AA46="مقبول 70%",AA46="ضعيف 50%",AA46="")),"✗ قائمة S",IF(NOT(OR(AB46="مكتمل 100%",AB46="جزئي 60%",AB46="معلق 30%",AB46="مفتوح 0%",AB46="")),"✗ قائمة T",IF(NOT(OR(AC46="لا خصم 0",AC46="تأخير −5",AC46="عجز −10",AC46="جودة −15",AC46="امتثال −20",AC46="مخالفة −25",AC46="")),"✗ قائمة U",IF(AND(X46="لا",AC46<>"",AC46<>"لا خصم 0"),"✗ خصم",IF(AND(X46="نعم",AC46="لا خصم 0"),"✗ خصم",IF(AND(Z46="ممتاز 100%",AA46="ممتاز 100%",AB46<>"",AB46<>"مكتمل 100%"),"✗ إغلاق",IFERROR(IF(LEN(_xlfn.TEXTJOIN("، ",TRUE,IF(E46="","التاريخ",""),IF(F46="","الوقت",""),IF(G46="","المركز",""),IF(H46="","الدائرة",""),IF(I46="","القسم",""),IF(J46="","المسؤول",""),IF(K46="","نوع النشاط",""),IF(L46="","المشروع",""),IF(N46="","الممول",""),IF(V46="","الموضوع",""),IF(W46="","الملاحظة",""),IF(X46="","مشكلة",""),IF(Y46="","الإجراء",""),IF(Z46="","التنفيذ",""),IF(AA46="","الجودة",""),IF(AB46="","الإغلاق",""),IF(AC46="","الخصم",""),IF(AND(COUNTA($O46:$U46)>0,O46=""),"مدير المشروع",""),IF(AND(COUNTA($O46:$U46)>0,P46=""),"المستفيدين",""),IF(AND(COUNTA($O46:$U46)>0,Q46=""),"المناطق",""),IF(AND(COUNTA($O46:$U46)>0,R46=""),"الميزانية",""),IF(AND(COUNTA($O46:$U46)>0,S46=""),"نسبة الجاهزية",""),IF(AND(COUNTA($O46:$U46)>0,T46=""),"حالة الجاهزية",""),IF(AND(COUNTA($O46:$U46)>0,U46=""),"التوصيات","")))>0,"✗ ناقص: "&_xlfn.TEXTJOIN("، ",TRUE,IF(E46="","التاريخ",""),IF(F46="","الوقت",""),IF(G46="","المركز",""),IF(H46="","الدائرة",""),IF(I46="","القسم",""),IF(J46="","المسؤول",""),IF(K46="","نوع النشاط",""),IF(L46="","المشروع",""),IF(N46="","الممول",""),IF(V46="","الموضوع",""),IF(W46="","الملاحظة",""),IF(X46="","مشكلة",""),IF(Y46="","الإجراء",""),IF(Z46="","التنفيذ",""),IF(AA46="","الجودة",""),IF(AB46="","الإغلاق",""),IF(AC46="","الخصم",""),IF(AND(COUNTA($O46:$U46)>0,O46=""),"مدير المشروع",""),IF(AND(COUNTA($O46:$U46)>0,P46=""),"المستفيدين",""),IF(AND(COUNTA($O46:$U46)>0,Q46=""),"المناطق",""),IF(AND(COUNTA($O46:$U46)>0,R46=""),"الميزانية",""),IF(AND(COUNTA($O46:$U46)>0,S46=""),"نسبة الجاهزية",""),IF(AND(COUNTA($O46:$U46)>0,T46=""),"حالة الجاهزية",""),IF(AND(COUNTA($O46:$U46)>0,U46=""),"التوصيات","")),"✓"),"✓")))))))))) -> ✓ | E46: 46130 | F46: 0.50694444 | G46: الجمعية | H46: دائرة المشاريع والتسويق والإعلام | I46: مكتب المغازي | J46: طارق حسن ع.القادر قنديل | K46: تفتيش ميداني | L46: الرغيف الخيري | N46: مؤسسة المناصرة الأردنية | V46: متابعة الرغيف الخيري — المغازي (18 أبريل) | W46: 200 ربطة(1ك) — مخيم البلدية ونادي الشباب — مخبز زادنا — وصل 12:00 — جودة ممتازة | X46: لا | Y46: مذكرة تذكيرية | Z46: ممتاز 100% | AA46: ممتاز 100% | AB46: مكتمل 100% | AC46: لا خصم 0 | AD46: سمير نصار | AE46: =IFERROR(VLOOKUP(Z46,LISTS!$AL$2:$AM$1000,2,FALSE()),"") -> 100 | AF46: =IFERROR(VLOOKUP(AA46,LISTS!$AO$2:$AP$1000,2,FALSE()),"") -> 100 | AG46: =IFERROR(VLOOKUP(AB46,LISTS!$AR$2:$AS$1000,2,FALSE()),"") -> 100 | AH46: =IFERROR(VLOOKUP(AC46,LISTS!$AU$2:$AV$1000,2,FALSE()),"") -> 0 | AI46: =IF(OR(AE46="",AF46="",AG46=""),"—",IFERROR(ROUND(AE46*0.4+AF46*0.3+AG46*0.3-IF(ISNUMBER(AH46),AH46,0),1),"⚠️")) -> 100 | AJ46: =IF(AI46="—","—",IF(NOT(ISNUMBER(AI46)),"⚠️",IF(AI46>=98,"🌟 ممتاز جدًا",IF(AI46>=90,"⭐ ممتاز",IF(AI46>=75,"🟢 جيد",IF(AI46>=60,"🟡 مقبول",IF(AI46>=40,"🔴 ضعيف","🚨 خطر شديد"))))))) -> 🌟 ممتاز جدًا | AK46: =IF(E46="","",MONTH(E46)) -> 4 | AL46: =IF(E46="","",YEAR(E46)) -> 2026
A47: =IF(I47<>"",COUNTA($I$2:I47),"") -> 46 | B47: =IF(E47="","",CHOOSE(WEEKDAY(E47,2),"الاثنين","الثلاثاء","الأربعاء","الخميس","الجمعة","السبت","الأحد")) -> الأحد | C47: {=IF(E47="","",IF(M47<>"", M47&"/"&SUMPRODUCT((M$2:M47=M47)*1)&" - "&(ROW()-2), "إداري/"&SUMPRODUCT((M$2:M47="")*1)&" - "&(ROW()-2)))} -> إداري/42 - 45 | D47: =IF(AND(G47="",H47="",I47=""),"",IF(COUNTIFS(LISTS!$A$2:$A$67,G47,LISTS!$B$2:$B$67,H47,LISTS!$C$2:$C$67,I47)=0,"✗ هرم",IF(NOT(OR(Z47="ممتاز 100%",Z47="جيد 80%",Z47="مقبول 60%",Z47="خطر 40%",Z47="")),"✗ قائمة R",IF(NOT(OR(AA47="ممتاز 100%",AA47="جيد 85%",AA47="مقبول 70%",AA47="ضعيف 50%",AA47="")),"✗ قائمة S",IF(NOT(OR(AB47="مكتمل 100%",AB47="جزئي 60%",AB47="معلق 30%",AB47="مفتوح 0%",AB47="")),"✗ قائمة T",IF(NOT(OR(AC47="لا خصم 0",AC47="تأخير −5",AC47="عجز −10",AC47="جودة −15",AC47="امتثال −20",AC47="مخالفة −25",AC47="")),"✗ قائمة U",IF(AND(X47="لا",AC47<>"",AC47<>"لا خصم 0"),"✗ خصم",IF(AND(X47="نعم",AC47="لا خصم 0"),"✗ خصم",IF(AND(Z47="ممتاز 100%",AA47="ممتاز 100%",AB47<>"",AB47<>"مكتمل 100%"),"✗ إغلاق",IFERROR(IF(LEN(_xlfn.TEXTJOIN("، ",TRUE,IF(E47="","التاريخ",""),IF(F47="","الوقت",""),IF(G47="","المركز",""),IF(H47="","الدائرة",""),IF(I47="","القسم",""),IF(J47="","المسؤول",""),IF(K47="","نوع النشاط",""),IF(L47="","المشروع",""),IF(N47="","الممول",""),IF(V47="","الموضوع",""),IF(W47="","الملاحظة",""),IF(X47="","مشكلة",""),IF(Y47="","الإجراء",""),IF(Z47="","التنفيذ",""),IF(AA47="","الجودة",""),IF(AB47="","الإغلاق",""),IF(AC47="","الخصم",""),IF(AND(COUNTA($O47:$U47)>0,O47=""),"مدير المشروع",""),IF(AND(COUNTA($O47:$U47)>0,P47=""),"المستفيدين",""),IF(AND(COUNTA($O47:$U47)>0,Q47=""),"المناطق",""),IF(AND(COUNTA($O47:$U47)>0,R47=""),"الميزانية",""),IF(AND(COUNTA($O47:$U47)>0,S47=""),"نسبة الجاهزية",""),IF(AND(COUNTA($O47:$U47)>0,T47=""),"حالة الجاهزية",""),IF(AND(COUNTA($O47:$U47)>0,U47=""),"التوصيات","")))>0,"✗ ناقص: "&_xlfn.TEXTJOIN("، ",TRUE,IF(E47="","التاريخ",""),IF(F47="","الوقت",""),IF(G47="","المركز",""),IF(H47="","الدائرة",""),IF(I47="","القسم",""),IF(J47="","المسؤول",""),IF(K47="","نوع النشاط",""),IF(L47="","المشروع",""),IF(N47="","الممول",""),IF(V47="","الموضوع",""),IF(W47="","الملاحظة",""),IF(X47="","مشكلة",""),IF(Y47="","الإجراء",""),IF(Z47="","التنفيذ",""),IF(AA47="","الجودة",""),IF(AB47="","الإغلاق",""),IF(AC47="","الخصم",""),IF(AND(COUNTA($O47:$U47)>0,O47=""),"مدير المشروع",""),IF(AND(COUNTA($O47:$U47)>0,P47=""),"المستفيدين",""),IF(AND(COUNTA($O47:$U47)>0,Q47=""),"المناطق",""),IF(AND(COUNTA($O47:$U47)>0,R47=""),"الميزانية",""),IF(AND(COUNTA($O47:$U47)>0,S47=""),"نسبة الجاهزية",""),IF(AND(COUNTA($O47:$U47)>0,T47=""),"حالة الجاهزية",""),IF(AND(COUNTA($O47:$U47)>0,U47=""),"التوصيات","")),"✓"),"✓")))))))))) -> ✗ ناقص: الممول | E47: 46131 | F47: 0.49652778 | G47: الجمعية | H47: دائرة الاستثمار الخيري | I47: مطبخ البركة | J47: باسم ديب عبد الله المبحوح | K47: جودة خدمة | L47: وجبات ساخنة | V47: متابعة وجبات مطبخ البركة — دير البلح (19 أبريل) | W47: 300 وجبة مجوز(700ج رز+350ج لحمة) المقر العام(150)+مكتب دير البلح(150) + 240 وجبة مجوز(رز+علب لحمة مطبوخة) — منطقة دير البلح | X47: لا | Y47: مذكرة تذكيرية | Z47: ممتاز 100% | AA47: ممتاز 100% | AB47: مكتمل 100% | AC47: لا خصم 0 | AD47: سمير نصار | AE47: =IFERROR(VLOOKUP(Z47,LISTS!$AL$2:$AM$1000,2,FALSE()),"") -> 100 | AF47: =IFERROR(VLOOKUP(AA47,LISTS!$AO$2:$AP$1000,2,FALSE()),"") -> 100 | AG47: =IFERROR(VLOOKUP(AB47,LISTS!$AR$2:$AS$1000,2,FALSE()),"") -> 100 | AH47: =IFERROR(VLOOKUP(AC47,LISTS!$AU$2:$AV$1000,2,FALSE()),"") -> 0 | AI47: =IF(OR(AE47="",AF47="",AG47=""),"—",IFERROR(ROUND(AE47*0.4+AF47*0.3+AG47*0.3-IF(ISNUMBER(AH47),AH47,0),1),"⚠️")) -> 100 | AJ47: =IF(AI47="—","—",IF(NOT(ISNUMBER(AI47)),"⚠️",IF(AI47>=98,"🌟 ممتاز جدًا",IF(AI47>=90,"⭐ ممتاز",IF(AI47>=75,"🟢 جيد",IF(AI47>=60,"🟡 مقبول",IF(AI47>=40,"🔴 ضعيف","🚨 خطر شديد"))))))) -> 🌟 ممتاز جدًا | AK47: =IF(E47="","",MONTH(E47)) -> 4 | AL47: =IF(E47="","",YEAR(E47)) -> 2026
A48: =IF(I48<>"",COUNTA($I$2:I48),"") -> 47 | B48: =IF(E48="","",CHOOSE(WEEKDAY(E48,2),"الاثنين","الثلاثاء","الأربعاء","الخميس","الجمعة","السبت","الأحد")) -> الأحد | C48: {=IF(E48="","",IF(M48<>"", M48&"/"&SUMPRODUCT((M$2:M48=M48)*1)&" - "&(ROW()-2), "إداري/"&SUMPRODUCT((M$2:M48="")*1)&" - "&(ROW()-2)))} -> إداري/43 - 46 | D48: =IF(AND(G48="",H48="",I48=""),"",IF(COUNTIFS(LISTS!$A$2:$A$67,G48,LISTS!$B$2:$B$67,H48,LISTS!$C$2:$C$67,I48)=0,"✗ هرم",IF(NOT(OR(Z48="ممتاز 100%",Z48="جيد 80%",Z48="مقبول 60%",Z48="خطر 40%",Z48="")),"✗ قائمة R",IF(NOT(OR(AA48="ممتاز 100%",AA48="جيد 85%",AA48="مقبول 70%",AA48="ضعيف 50%",AA48="")),"✗ قائمة S",IF(NOT(OR(AB48="مكتمل 100%",AB48="جزئي 60%",AB48="معلق 30%",AB48="مفتوح 0%",AB48="")),"✗ قائمة T",IF(NOT(OR(AC48="لا خصم 0",AC48="تأخير −5",AC48="عجز −10",AC48="جودة −15",AC48="امتثال −20",AC48="مخالفة −25",AC48="")),"✗ قائمة U",IF(AND(X48="لا",AC48<>"",AC48<>"لا خصم 0"),"✗ خصم",IF(AND(X48="نعم",AC48="لا خصم 0"),"✗ خصم",IF(AND(Z48="ممتاز 100%",AA48="ممتاز 100%",AB48<>"",AB48<>"مكتمل 100%"),"✗ إغلاق",IFERROR(IF(LEN(_xlfn.TEXTJOIN("، ",TRUE,IF(E48="","التاريخ",""),IF(F48="","الوقت",""),IF(G48="","المركز",""),IF(H48="","الدائرة",""),IF(I48="","القسم",""),IF(J48="","المسؤول",""),IF(K48="","نوع النشاط",""),IF(L48="","المشروع",""),IF(N48="","الممول",""),IF(V48="","الموضوع",""),IF(W48="","الملاحظة",""),IF(X48="","مشكلة",""),IF(Y48="","الإجراء",""),IF(Z48="","التنفيذ",""),IF(AA48="","الجودة",""),IF(AB48="","الإغلاق",""),IF(AC48="","الخصم",""),IF(AND(COUNTA($O48:$U48)>0,O48=""),"مدير المشروع",""),IF(AND(COUNTA($O48:$U48)>0,P48=""),"المستفيدين",""),IF(AND(COUNTA($O48:$U48)>0,Q48=""),"المناطق",""),IF(AND(COUNTA($O48:$U48)>0,R48=""),"الميزانية",""),IF(AND(COUNTA($O48:$U48)>0,S48=""),"نسبة الجاهزية",""),IF(AND(COUNTA($O48:$U48)>0,T48=""),"حالة الجاهزية",""),IF(AND(COUNTA($O48:$U48)>0,U48=""),"التوصيات","")))>0,"✗ ناقص: "&_xlfn.TEXTJOIN("، ",TRUE,IF(E48="","التاريخ",""),IF(F48="","الوقت",""),IF(G48="","المركز",""),IF(H48="","الدائرة",""),IF(I48="","القسم",""),IF(J48="","المسؤول",""),IF(K48="","نوع النشاط",""),IF(L48="","المشروع",""),IF(N48="","الممول",""),IF(V48="","الموضوع",""),IF(W48="","الملاحظة",""),IF(X48="","مشكلة",""),IF(Y48="","الإجراء",""),IF(Z48="","التنفيذ",""),IF(AA48="","الجودة",""),IF(AB48="","الإغلاق",""),IF(AC48="","الخصم",""),IF(AND(COUNTA($O48:$U48)>0,O48=""),"مدير المشروع",""),IF(AND(COUNTA($O48:$U48)>0,P48=""),"المستفيدين",""),IF(AND(COUNTA($O48:$U48)>0,Q48=""),"المناطق",""),IF(AND(COUNTA($O48:$U48)>0,R48=""),"الميزانية",""),IF(AND(COUNTA($O48:$U48)>0,S48=""),"نسبة الجاهزية",""),IF(AND(COUNTA($O48:$U48)>0,T48=""),"حالة الجاهزية",""),IF(AND(COUNTA($O48:$U48)>0,U48=""),"التوصيات","")),"✓"),"✓")))))))))) -> ✗ ناقص: الممول | E48: 46131 | F48: 0.53125 | G48: الجمعية | H48: دائرة المشاريع والتسويق والإعلام | I48: مكتب الزوايدة | J48: بسام محمد حميدان الخطيب | K48: تفتيش ميداني | L48: الرغيف الخيري | V48: متابعة أنشطة متعددة — الزوايدة (19 أبريل) | W48: رغيف 200 ربطة(1ك) المناصرة الأردنية + 106 طرد غذائي إنقاذ أطفال فلسطين + 212 طرد صحي+4 قرب/عائلة من مؤسسة تامر + 388 علبة حليب من إنقاذ فلسطين — الزوايدة | X48: لا | Y48: مذكرة تذكيرية | Z48: ممتاز 100% | AA48: ممتاز 100% | AB48: مكتمل 100% | AC48: لا خصم 0 | AD48: سمير نصار | AE48: =IFERROR(VLOOKUP(Z48,LISTS!$AL$2:$AM$1000,2,FALSE()),"") -> 100 | AF48: =IFERROR(VLOOKUP(AA48,LISTS!$AO$2:$AP$1000,2,FALSE()),"") -> 100 | AG48: =IFERROR(VLOOKUP(AB48,LISTS!$AR$2:$AS$1000,2,FALSE()),"") -> 100 | AH48: =IFERROR(VLOOKUP(AC48,LISTS!$AU$2:$AV$1000,2,FALSE()),"") -> 0 | AI48: =IF(OR(AE48="",AF48="",AG48=""),"—",IFERROR(ROUND(AE48*0.4+AF48*0.3+AG48*0.3-IF(ISNUMBER(AH48),AH48,0),1),"⚠️")) -> 100 | AJ48: =IF(AI48="—","—",IF(NOT(ISNUMBER(AI48)),"⚠️",IF(AI48>=98,"🌟 ممتاز جدًا",IF(AI48>=90,"⭐ ممتاز",IF(AI48>=75,"🟢 جيد",IF(AI48>=60,"🟡 مقبول",IF(AI48>=40,"🔴 ضعيف","🚨 خطر شديد"))))))) -> 🌟 ممتاز جدًا | AK48: =IF(E48="","",MONTH(E48)) -> 4 | AL48: =IF(E48="","",YEAR(E48)) -> 2026
A49: =IF(I49<>"",COUNTA($I$2:I49),"") -> 48 | B49: =IF(E49="","",CHOOSE(WEEKDAY(E49,2),"الاثنين","الثلاثاء","الأربعاء","الخميس","الجمعة","السبت","الأحد")) -> الاثنين | C49: {=IF(E49="","",IF(M49<>"", M49&"/"&SUMPRODUCT((M$2:M49=M49)*1)&" - "&(ROW()-2), "إداري/"&SUMPRODUCT((M$2:M49="")*1)&" - "&(ROW()-2)))} -> إداري/44 - 47 | D49: =IF(AND(G49="",H49="",I49=""),"",IF(COUNTIFS(LISTS!$A$2:$A$67,G49,LISTS!$B$2:$B$67,H49,LISTS!$C$2:$C$67,I49)=0,"✗ هرم",IF(NOT(OR(Z49="ممتاز 100%",Z49="جيد 80%",Z49="مقبول 60%",Z49="خطر 40%",Z49="")),"✗ قائمة R",IF(NOT(OR(AA49="ممتاز 100%",AA49="جيد 85%",AA49="مقبول 70%",AA49="ضعيف 50%",AA49="")),"✗ قائمة S",IF(NOT(OR(AB49="مكتمل 100%",AB49="جزئي 60%",AB49="معلق 30%",AB49="مفتوح 0%",AB49="")),"✗ قائمة T",IF(NOT(OR(AC49="لا خصم 0",AC49="تأخير −5",AC49="عجز −10",AC49="جودة −15",AC49="امتثال −20",AC49="مخالفة −25",AC49="")),"✗ قائمة U",IF(AND(X49="لا",AC49<>"",AC49<>"لا خصم 0"),"✗ خصم",IF(AND(X49="نعم",AC49="لا خصم 0"),"✗ خصم",IF(AND(Z49="ممتاز 100%",AA49="ممتاز 100%",AB49<>"",AB49<>"مكتمل 100%"),"✗ إغلاق",IFERROR(IF(LEN(_xlfn.TEXTJOIN("، ",TRUE,IF(E49="","التاريخ",""),IF(F49="","الوقت",""),IF(G49="","المركز",""),IF(H49="","الدائرة",""),IF(I49="","القسم",""),IF(J49="","المسؤول",""),IF(K49="","نوع النشاط",""),IF(L49="","المشروع",""),IF(N49="","الممول",""),IF(V49="","الموضوع",""),IF(W49="","الملاحظة",""),IF(X49="","مشكلة",""),IF(Y49="","الإجراء",""),IF(Z49="","التنفيذ",""),IF(AA49="","الجودة",""),IF(AB49="","الإغلاق",""),IF(AC49="","الخصم",""),IF(AND(COUNTA($O49:$U49)>0,O49=""),"مدير المشروع",""),IF(AND(COUNTA($O49:$U49)>0,P49=""),"المستفيدين",""),IF(AND(COUNTA($O49:$U49)>0,Q49=""),"المناطق",""),IF(AND(COUNTA($O49:$U49)>0,R49=""),"الميزانية",""),IF(AND(COUNTA($O49:$U49)>0,S49=""),"نسبة الجاهزية",""),IF(AND(COUNTA($O49:$U49)>0,T49=""),"حالة الجاهزية",""),IF(AND(COUNTA($O49:$U49)>0,U49=""),"التوصيات","")))>0,"✗ ناقص: "&_xlfn.TEXTJOIN("، ",TRUE,IF(E49="","التاريخ",""),IF(F49="","الوقت",""),IF(G49="","المركز",""),IF(H49="","الدائرة",""),IF(I49="","القسم",""),IF(J49="","المسؤول",""),IF(K49="","نوع النشاط",""),IF(L49="","المشروع",""),IF(N49="","الممول",""),IF(V49="","الموضوع",""),IF(W49="","الملاحظة",""),IF(X49="","مشكلة",""),IF(Y49="","الإجراء",""),IF(Z49="","التنفيذ",""),IF(AA49="","الجودة",""),IF(AB49="","الإغلاق",""),IF(AC49="","الخصم",""),IF(AND(COUNTA($O49:$U49)>0,O49=""),"مدير المشروع",""),IF(AND(COUNTA($O49:$U49)>0,P49=""),"المستفيدين",""),IF(AND(COUNTA($O49:$U49)>0,Q49=""),"المناطق",""),IF(AND(COUNTA($O49:$U49)>0,R49=""),"الميزانية",""),IF(AND(COUNTA($O49:$U49)>0,S49=""),"نسبة الجاهزية",""),IF(AND(COUNTA($O49:$U49)>0,T49=""),"حالة الجاهزية",""),IF(AND(COUNTA($O49:$U49)>0,U49=""),"التوصيات","")),"✓"),"✓")))))))))) -> ✗ ناقص: الممول | E49: 46132 | F49: 0.48958333 | G49: الجمعية | H49: دائرة المشاريع والتسويق والإعلام | I49: مكتب المغازي | J49: طارق حسن ع.القادر قنديل | K49: جودة خدمة | L49: وجبات ساخنة | V49: متابعة وجبات مطبخ البركة — المغازي والبريج (20 أبريل) | W49: 300 وجبة مجوز رز+لحمة شقف — عزاء الشهداء البريج(100)، المغازي البلدية وبركة الوز(200) — جودة جيد | X49: لا | Y49: مذكرة تذكيرية | Z49: ممتاز 100% | AA49: جيد 85% | AB49: مكتمل 100% | AC49: لا خصم 0 | AD49: سمير نصار | AE49: =IFERROR(VLOOKUP(Z49,LISTS!$AL$2:$AM$1000,2,FALSE()),"") -> 100 | AF49: =IFERROR(VLOOKUP(AA49,LISTS!$AO$2:$AP$1000,2,FALSE()),"") -> 85 | AG49: =IFERROR(VLOOKUP(AB49,LISTS!$AR$2:$AS$1000,2,FALSE()),"") -> 100 | AH49: =IFERROR(VLOOKUP(AC49,LISTS!$AU$2:$AV$1000,2,FALSE()),"") -> 0 | AI49: =IF(OR(AE49="",AF49="",AG49=""),"—",IFERROR(ROUND(AE49*0.4+AF49*0.3+AG49*0.3-IF(ISNUMBER(AH49),AH49,0),1),"⚠️")) -> 95.5 | AJ49: =IF(AI49="—","—",IF(NOT(ISNUMBER(AI49)),"⚠️",IF(AI49>=98,"🌟 ممتاز جدًا",IF(AI49>=90,"⭐ ممتاز",IF(AI49>=75,"🟢 جيد",IF(AI49>=60,"🟡 مقبول",IF(AI49>=40,"🔴 ضعيف","🚨 خطر شديد"))))))) -> ⭐ ممتاز | AK49: =IF(E49="","",MONTH(E49)) -> 4 | AL49: =IF(E49="","",YEAR(E49)) -> 2026
A50: =IF(I50<>"",COUNTA($I$2:I50),"") -> 49 | B50: =IF(E50="","",CHOOSE(WEEKDAY(E50,2),"الاثنين","الثلاثاء","الأربعاء","الخميس","الجمعة","السبت","الأحد")) -> الاثنين | C50: {=IF(E50="","",IF(M50<>"", M50&"/"&SUMPRODUCT((M$2:M50=M50)*1)&" - "&(ROW()-2), "إداري/"&SUMPRODUCT((M$2:M50="")*1)&" - "&(ROW()-2)))} -> إداري/45 - 48 | D50: =IF(AND(G50="",H50="",I50=""),"",IF(COUNTIFS(LISTS!$A$2:$A$67,G50,LISTS!$B$2:$B$67,H50,LISTS!$C$2:$C$67,I50)=0,"✗ هرم",IF(NOT(OR(Z50="ممتاز 100%",Z50="جيد 80%",Z50="مقبول 60%",Z50="خطر 40%",Z50="")),"✗ قائمة R",IF(NOT(OR(AA50="ممتاز 100%",AA50="جيد 85%",AA50="مقبول 70%",AA50="ضعيف 50%",AA50="")),"✗ قائمة S",IF(NOT(OR(AB50="مكتمل 100%",AB50="جزئي 60%",AB50="معلق 30%",AB50="مفتوح 0%",AB50="")),"✗ قائمة T",IF(NOT(OR(AC50="لا خصم 0",AC50="تأخير −5",AC50="عجز −10",AC50="جودة −15",AC50="امتثال −20",AC50="مخالفة −25",AC50="")),"✗ قائمة U",IF(AND(X50="لا",AC50<>"",AC50<>"لا خصم 0"),"✗ خصم",IF(AND(X50="نعم",AC50="لا خصم 0"),"✗ خصم",IF(AND(Z50="ممتاز 100%",AA50="ممتاز 100%",AB50<>"",AB50<>"مكتمل 100%"),"✗ إغلاق",IFERROR(IF(LEN(_xlfn.TEXTJOIN("، ",TRUE,IF(E50="","التاريخ",""),IF(F50="","الوقت",""),IF(G50="","المركز",""),IF(H50="","الدائرة",""),IF(I50="","القسم",""),IF(J50="","المسؤول",""),IF(K50="","نوع النشاط",""),IF(L50="","المشروع",""),IF(N50="","الممول",""),IF(V50="","الموضوع",""),IF(W50="","الملاحظة",""),IF(X50="","مشكلة",""),IF(Y50="","الإجراء",""),IF(Z50="","التنفيذ",""),IF(AA50="","الجودة",""),IF(AB50="","الإغلاق",""),IF(AC50="","الخصم",""),IF(AND(COUNTA($O50:$U50)>0,O50=""),"مدير المشروع",""),IF(AND(COUNTA($O50:$U50)>0,P50=""),"المستفيدين",""),IF(AND(COUNTA($O50:$U50)>0,Q50=""),"المناطق",""),IF(AND(COUNTA($O50:$U50)>0,R50=""),"الميزانية",""),IF(AND(COUNTA($O50:$U50)>0,S50=""),"نسبة الجاهزية",""),IF(AND(COUNTA($O50:$U50)>0,T50=""),"حالة الجاهزية",""),IF(AND(COUNTA($O50:$U50)>0,U50=""),"التوصيات","")))>0,"✗ ناقص: "&_xlfn.TEXTJOIN("، ",TRUE,IF(E50="","التاريخ",""),IF(F50="","الوقت",""),IF(G50="","المركز",""),IF(H50="","الدائرة",""),IF(I50="","القسم",""),IF(J50="","المسؤول",""),IF(K50="","نوع النشاط",""),IF(L50="","المشروع",""),IF(N50="","الممول",""),IF(V50="","الموضوع",""),IF(W50="","الملاحظة",""),IF(X50="","مشكلة",""),IF(Y50="","الإجراء",""),IF(Z50="","التنفيذ",""),IF(AA50="","الجودة",""),IF(AB50="","الإغلاق",""),IF(AC50="","الخصم",""),IF(AND(COUNTA($O50:$U50)>0,O50=""),"مدير المشروع",""),IF(AND(COUNTA($O50:$U50)>0,P50=""),"المستفيدين",""),IF(AND(COUNTA($O50:$U50)>0,Q50=""),"المناطق",""),IF(AND(COUNTA($O50:$U50)>0,R50=""),"الميزانية",""),IF(AND(COUNTA($O50:$U50)>0,S50=""),"نسبة الجاهزية",""),IF(AND(COUNTA($O50:$U50)>0,T50=""),"حالة الجاهزية",""),IF(AND(COUNTA($O50:$U50)>0,U50=""),"التوصيات","")),"✓"),"✓")))))))))) -> ✓ | E50: 46132 | F50: 0.50694444 | G50: الجمعية | H50: دائرة المشاريع والتسويق والإعلام | I50: مكتب البريج | J50: محمود سالم هزاع القريناوي | K50: تفتيش ميداني | L50: الرغيف الخيري | N50: مؤسسة المناصرة الأردنية | V50: متابعة الرغيف الخيري — البريج (20 أبريل) | W50: 200 ربطة(1ك) — إيواء سواعد وعائدون 2 — وصل 12:00 | X50: لا | Y50: مذكرة تذكيرية | Z50: ممتاز 100% | AA50: ممتاز 100% | AB50: مكتمل 100% | AC50: لا خصم 0 | AD50: سمير نصار | AE50: =IFERROR(VLOOKUP(Z50,LISTS!$AL$2:$AM$1000,2,FALSE()),"") -> 100 | AF50: =IFERROR(VLOOKUP(AA50,LISTS!$AO$2:$AP$1000,2,FALSE()),"") -> 100 | AG50: =IFERROR(VLOOKUP(AB50,LISTS!$AR$2:$AS$1000,2,FALSE()),"") -> 100 | AH50: =IFERROR(VLOOKUP(AC50,LISTS!$AU$2:$AV$1000,2,FALSE()),"") -> 0 | AI50: =IF(OR(AE50="",AF50="",AG50=""),"—",IFERROR(ROUND(AE50*0.4+AF50*0.3+AG50*0.3-IF(ISNUMBER(AH50),AH50,0),1),"⚠️")) -> 100 | AJ50: =IF(AI50="—","—",IF(NOT(ISNUMBER(AI50)),"⚠️",IF(AI50>=98,"🌟 ممتاز جدًا",IF(AI50>=90,"⭐ ممتاز",IF(AI50>=75,"🟢 جيد",IF(AI50>=60,"🟡 مقبول",IF(AI50>=40,"🔴 ضعيف","🚨 خطر شديد"))))))) -> 🌟 ممتاز جدًا | AK50: =IF(E50="","",MONTH(E50)) -> 4 | AL50: =IF(E50="","",YEAR(E50)) -> 2026
A51: =IF(I51<>"",COUNTA($I$2:I51),"") -> 50 | B51: =IF(E51="","",CHOOSE(WEEKDAY(E51,2),"الاثنين","الثلاثاء","الأربعاء","الخميس","الجمعة","السبت","الأحد")) -> الاثنين | C51: {=IF(E51="","",IF(M51<>"", M51&"/"&SUMPRODUCT((M$2:M51=M51)*1)&" - "&(ROW()-2), "إداري/"&SUMPRODUCT((M$2:M51="")*1)&" - "&(ROW()-2)))} -> إداري/46 - 49 | D51: =IF(AND(G51="",H51="",I51=""),"",IF(COUNTIFS(LISTS!$A$2:$A$67,G51,LISTS!$B$2:$B$67,H51,LISTS!$C$2:$C$67,I51)=0,"✗ هرم",IF(NOT(OR(Z51="ممتاز 100%",Z51="جيد 80%",Z51="مقبول 60%",Z51="خطر 40%",Z51="")),"✗ قائمة R",IF(NOT(OR(AA51="ممتاز 100%",AA51="جيد 85%",AA51="مقبول 70%",AA51="ضعيف 50%",AA51="")),"✗ قائمة S",IF(NOT(OR(AB51="مكتمل 100%",AB51="جزئي 60%",AB51="معلق 30%",AB51="مفتوح 0%",AB51="")),"✗ قائمة T",IF(NOT(OR(AC51="لا خصم 0",AC51="تأخير −5",AC51="عجز −10",AC51="جودة −15",AC51="امتثال −20",AC51="مخالفة −25",AC51="")),"✗ قائمة U",IF(AND(X51="لا",AC51<>"",AC51<>"لا خصم 0"),"✗ خصم",IF(AND(X51="نعم",AC51="لا خصم 0"),"✗ خصم",IF(AND(Z51="ممتاز 100%",AA51="ممتاز 100%",AB51<>"",AB51<>"مكتمل 100%"),"✗ إغلاق",IFERROR(IF(LEN(_xlfn.TEXTJOIN("، ",TRUE,IF(E51="","التاريخ",""),IF(F51="","الوقت",""),IF(G51="","المركز",""),IF(H51="","الدائرة",""),IF(I51="","القسم",""),IF(J51="","المسؤول",""),IF(K51="","نوع النشاط",""),IF(L51="","المشروع",""),IF(N51="","الممول",""),IF(V51="","الموضوع",""),IF(W51="","الملاحظة",""),IF(X51="","مشكلة",""),IF(Y51="","الإجراء",""),IF(Z51="","التنفيذ",""),IF(AA51="","الجودة",""),IF(AB51="","الإغلاق",""),IF(AC51="","الخصم",""),IF(AND(COUNTA($O51:$U51)>0,O51=""),"مدير المشروع",""),IF(AND(COUNTA($O51:$U51)>0,P51=""),"المستفيدين",""),IF(AND(COUNTA($O51:$U51)>0,Q51=""),"المناطق",""),IF(AND(COUNTA($O51:$U51)>0,R51=""),"الميزانية",""),IF(AND(COUNTA($O51:$U51)>0,S51=""),"نسبة الجاهزية",""),IF(AND(COUNTA($O51:$U51)>0,T51=""),"حالة الجاهزية",""),IF(AND(COUNTA($O51:$U51)>0,U51=""),"التوصيات","")))>0,"✗ ناقص: "&_xlfn.TEXTJOIN("، ",TRUE,IF(E51="","التاريخ",""),IF(F51="","الوقت",""),IF(G51="","المركز",""),IF(H51="","الدائرة",""),IF(I51="","القسم",""),IF(J51="","المسؤول",""),IF(K51="","نوع النشاط",""),IF(L51="","المشروع",""),IF(N51="","الممول",""),IF(V51="","الموضوع",""),IF(W51="","الملاحظة",""),IF(X51="","مشكلة",""),IF(Y51="","الإجراء",""),IF(Z51="","التنفيذ",""),IF(AA51="","الجودة",""),IF(AB51="","الإغلاق",""),IF(AC51="","الخصم",""),IF(AND(COUNTA($O51:$U51)>0,O51=""),"مدير المشروع",""),IF(AND(COUNTA($O51:$U51)>0,P51=""),"المستفيدين",""),IF(AND(COUNTA($O51:$U51)>0,Q51=""),"المناطق",""),IF(AND(COUNTA($O51:$U51)>0,R51=""),"الميزانية",""),IF(AND(COUNTA($O51:$U51)>0,S51=""),"نسبة الجاهزية",""),IF(AND(COUNTA($O51:$U51)>0,T51=""),"حالة الجاهزية",""),IF(AND(COUNTA($O51:$U51)>0,U51=""),"التوصيات","")),"✓"),"✓")))))))))) -> ✓ | E51: 46132 | F51: 0.60416667 | G51: الجمعية | H51: دائرة المشاريع والتسويق والإعلام | I51: مكتب خانيونس | J51: جهاد محمد محروس ابو الريش | K51: تفتيش ميداني | L51: الرغيف الخيري | N51: مؤسسة المناصرة الأردنية | V51: متابعة الرغيف الخيري — خانيونس مخيم أحمد نمر (20 أبريل) | W51: 200 ربطة(1ك) — مخيم أحمد نمر — استلام 14:30، توزيع 15:00 | X51: لا | Y51: مذكرة تذكيرية | Z51: ممتاز 100% | AA51: ممتاز 100% | AB51: مكتمل 100% | AC51: لا خصم 0 | AD51: سمير نصار | AE51: =IFERROR(VLOOKUP(Z51,LISTS!$AL$2:$AM$1000,2,FALSE()),"") -> 100 | AF51: =IFERROR(VLOOKUP(AA51,LISTS!$AO$2:$AP$1000,2,FALSE()),"") -> 100 | AG51: =IFERROR(VLOOKUP(AB51,LISTS!$AR$2:$AS$1000,2,FALSE()),"") -> 100 | AH51: =IFERROR(VLOOKUP(AC51,LISTS!$AU$2:$AV$1000,2,FALSE()),"") -> 0 | AI51: =IF(OR(AE51="",AF51="",AG51=""),"—",IFERROR(ROUND(AE51*0.4+AF51*0.3+AG51*0.3-IF(ISNUMBER(AH51),AH51,0),1),"⚠️")) -> 100 | AJ51: =IF(AI51="—","—",IF(NOT(ISNUMBER(AI51)),"⚠️",IF(AI51>=98,"🌟 ممتاز جدًا",IF(AI51>=90,"⭐ ممتاز",IF(AI51>=75,"🟢 جيد",IF(AI51>=60,"🟡 مقبول",IF(AI51>=40,"🔴 ضعيف","🚨 خطر شديد"))))))) -> 🌟 ممتاز جدًا | AK51: =IF(E51="","",MONTH(E51)) -> 4 | AL51: =IF(E51="","",YEAR(E51)) -> 2026
A52: =IF(I52<>"",COUNTA($I$2:I52),"") -> 51 | B52: =IF(E52="","",CHOOSE(WEEKDAY(E52,2),"الاثنين","الثلاثاء","الأربعاء","الخميس","الجمعة","السبت","الأحد")) -> الاثنين | C52: {=IF(E52="","",IF(M52<>"", M52&"/"&SUMPRODUCT((M$2:M52=M52)*1)&" - "&(ROW()-2), "إداري/"&SUMPRODUCT((M$2:M52="")*1)&" - "&(ROW()-2)))} -> إداري/47 - 50 | D52: =IF(AND(G52="",H52="",I52=""),"",IF(COUNTIFS(LISTS!$A$2:$A$67,G52,LISTS!$B$2:$B$67,H52,LISTS!$C$2:$C$67,I52)=0,"✗ هرم",IF(NOT(OR(Z52="ممتاز 100%",Z52="جيد 80%",Z52="مقبول 60%",Z52="خطر 40%",Z52="")),"✗ قائمة R",IF(NOT(OR(AA52="ممتاز 100%",AA52="جيد 85%",AA52="مقبول 70%",AA52="ضعيف 50%",AA52="")),"✗ قائمة S",IF(NOT(OR(AB52="مكتمل 100%",AB52="جزئي 60%",AB52="معلق 30%",AB52="مفتوح 0%",AB52="")),"✗ قائمة T",IF(NOT(OR(AC52="لا خصم 0",AC52="تأخير −5",AC52="عجز −10",AC52="جودة −15",AC52="امتثال −20",AC52="مخالفة −25",AC52="")),"✗ قائمة U",IF(AND(X52="لا",AC52<>"",AC52<>"لا خصم 0"),"✗ خصم",IF(AND(X52="نعم",AC52="لا خصم 0"),"✗ خصم",IF(AND(Z52="ممتاز 100%",AA52="ممتاز 100%",AB52<>"",AB52<>"مكتمل 100%"),"✗ إغلاق",IFERROR(IF(LEN(_xlfn.TEXTJOIN("، ",TRUE,IF(E52="","التاريخ",""),IF(F52="","الوقت",""),IF(G52="","المركز",""),IF(H52="","الدائرة",""),IF(I52="","القسم",""),IF(J52="","المسؤول",""),IF(K52="","نوع النشاط",""),IF(L52="","المشروع",""),IF(N52="","الممول",""),IF(V52="","الموضوع",""),IF(W52="","الملاحظة",""),IF(X52="","مشكلة",""),IF(Y52="","الإجراء",""),IF(Z52="","التنفيذ",""),IF(AA52="","الجودة",""),IF(AB52="","الإغلاق",""),IF(AC52="","الخصم",""),IF(AND(COUNTA($O52:$U52)>0,O52=""),"مدير المشروع",""),IF(AND(COUNTA($O52:$U52)>0,P52=""),"المستفيدين",""),IF(AND(COUNTA($O52:$U52)>0,Q52=""),"المناطق",""),IF(AND(COUNTA($O52:$U52)>0,R52=""),"الميزانية",""),IF(AND(COUNTA($O52:$U52)>0,S52=""),"نسبة الجاهزية",""),IF(AND(COUNTA($O52:$U52)>0,T52=""),"حالة الجاهزية",""),IF(AND(COUNTA($O52:$U52)>0,U52=""),"التوصيات","")))>0,"✗ ناقص: "&_xlfn.TEXTJOIN("، ",TRUE,IF(E52="","التاريخ",""),IF(F52="","الوقت",""),IF(G52="","المركز",""),IF(H52="","الدائرة",""),IF(I52="","القسم",""),IF(J52="","المسؤول",""),IF(K52="","نوع النشاط",""),IF(L52="","المشروع",""),IF(N52="","الممول",""),IF(V52="","الموضوع",""),IF(W52="","الملاحظة",""),IF(X52="","مشكلة",""),IF(Y52="","الإجراء",""),IF(Z52="","التنفيذ",""),IF(AA52="","الجودة",""),IF(AB52="","الإغلاق",""),IF(AC52="","الخصم",""),IF(AND(COUNTA($O52:$U52)>0,O52=""),"مدير المشروع",""),IF(AND(COUNTA($O52:$U52)>0,P52=""),"المستفيدين",""),IF(AND(COUNTA($O52:$U52)>0,Q52=""),"المناطق",""),IF(AND(COUNTA($O52:$U52)>0,R52=""),"الميزانية",""),IF(AND(COUNTA($O52:$U52)>0,S52=""),"نسبة الجاهزية",""),IF(AND(COUNTA($O52:$U52)>0,T52=""),"حالة الجاهزية",""),IF(AND(COUNTA($O52:$U52)>0,U52=""),"التوصيات","")),"✓"),"✓")))))))))) -> ✗ ناقص: المسؤول | E52: 46132 | F52: 0.65555556 | G52: الجمعية | H52: دائرة المشاريع والتسويق والإعلام | I52: مكتب رفح | K52: تفتيش ميداني | L52: الرغيف الخيري | N52: مؤسسة المناصرة الأردنية | V52: متابعة الرغيف الخيري — رفح مخيم السلام قاطع A (20 أبريل) | W52: 200 ربطة(1ك) — مخيم السلام قاطع A — استلام 15:44، توزيع 16:00 | X52: لا | Y52: مذكرة تذكيرية | Z52: ممتاز 100% | AA52: ممتاز 100% | AB52: مكتمل 100% | AC52: لا خصم 0 | AD52: سمير نصار | AE52: =IFERROR(VLOOKUP(Z52,LISTS!$AL$2:$AM$1000,2,FALSE()),"") -> 100 | AF52: =IFERROR(VLOOKUP(AA52,LISTS!$AO$2:$AP$1000,2,FALSE()),"") -> 100 | AG52: =IFERROR(VLOOKUP(AB52,LISTS!$AR$2:$AS$1000,2,FALSE()),"") -> 100 | AH52: =IFERROR(VLOOKUP(AC52,LISTS!$AU$2:$AV$1000,2,FALSE()),"") -> 0 | AI52: =IF(OR(AE52="",AF52="",AG52=""),"—",IFERROR(ROUND(AE52*0.4+AF52*0.3+AG52*0.3-IF(ISNUMBER(AH52),AH52,0),1),"⚠️")) -> 100 | AJ52: =IF(AI52="—","—",IF(NOT(ISNUMBER(AI52)),"⚠️",IF(AI52>=98,"🌟 ممتاز جدًا",IF(AI52>=90,"⭐ ممتاز",IF(AI52>=75,"🟢 جيد",IF(AI52>=60,"🟡 مقبول",IF(AI52>=40,"🔴 ضعيف","🚨 خطر شديد"))))))) -> 🌟 ممتاز جدًا | AK52: =IF(E52="","",MONTH(E52)) -> 4 | AL52: =IF(E52="","",YEAR(E52)) -> 2026
A53: =IF(I53<>"",COUNTA($I$2:I53),"") -> 52 | B53: =IF(E53="","",CHOOSE(WEEKDAY(E53,2),"الاثنين","الثلاثاء","الأربعاء","الخميس","الجمعة","السبت","الأحد")) -> الاثنين | C53: {=IF(E53="","",IF(M53<>"", M53&"/"&SUMPRODUCT((M$2:M53=M53)*1)&" - "&(ROW()-2), "إداري/"&SUMPRODUCT((M$2:M53="")*1)&" - "&(ROW()-2)))} -> إداري/48 - 51 | D53: =IF(AND(G53="",H53="",I53=""),"",IF(COUNTIFS(LISTS!$A$2:$A$67,G53,LISTS!$B$2:$B$67,H53,LISTS!$C$2:$C$67,I53)=0,"✗ هرم",IF(NOT(OR(Z53="ممتاز 100%",Z53="جيد 80%",Z53="مقبول 60%",Z53="خطر 40%",Z53="")),"✗ قائمة R",IF(NOT(OR(AA53="ممتاز 100%",AA53="جيد 85%",AA53="مقبول 70%",AA53="ضعيف 50%",AA53="")),"✗ قائمة S",IF(NOT(OR(AB53="مكتمل 100%",AB53="جزئي 60%",AB53="معلق 30%",AB53="مفتوح 0%",AB53="")),"✗ قائمة T",IF(NOT(OR(AC53="لا خصم 0",AC53="تأخير −5",AC53="عجز −10",AC53="جودة −15",AC53="امتثال −20",AC53="مخالفة −25",AC53="")),"✗ قائمة U",IF(AND(X53="لا",AC53<>"",AC53<>"لا خصم 0"),"✗ خصم",IF(AND(X53="نعم",AC53="لا خصم 0"),"✗ خصم",IF(AND(Z53="ممتاز 100%",AA53="ممتاز 100%",AB53<>"",AB53<>"مكتمل 100%"),"✗ إغلاق",IFERROR(IF(LEN(_xlfn.TEXTJOIN("، ",TRUE,IF(E53="","التاريخ",""),IF(F53="","الوقت",""),IF(G53="","المركز",""),IF(H53="","الدائرة",""),IF(I53="","القسم",""),IF(J53="","المسؤول",""),IF(K53="","نوع النشاط",""),IF(L53="","المشروع",""),IF(N53="","الممول",""),IF(V53="","الموضوع",""),IF(W53="","الملاحظة",""),IF(X53="","مشكلة",""),IF(Y53="","الإجراء",""),IF(Z53="","التنفيذ",""),IF(AA53="","الجودة",""),IF(AB53="","الإغلاق",""),IF(AC53="","الخصم",""),IF(AND(COUNTA($O53:$U53)>0,O53=""),"مدير المشروع",""),IF(AND(COUNTA($O53:$U53)>0,P53=""),"المستفيدين",""),IF(AND(COUNTA($O53:$U53)>0,Q53=""),"المناطق",""),IF(AND(COUNTA($O53:$U53)>0,R53=""),"الميزانية",""),IF(AND(COUNTA($O53:$U53)>0,S53=""),"نسبة الجاهزية",""),IF(AND(COUNTA($O53:$U53)>0,T53=""),"حالة الجاهزية",""),IF(AND(COUNTA($O53:$U53)>0,U53=""),"التوصيات","")))>0,"✗ ناقص: "&_xlfn.TEXTJOIN("، ",TRUE,IF(E53="","التاريخ",""),IF(F53="","الوقت",""),IF(G53="","المركز",""),IF(H53="","الدائرة",""),IF(I53="","القسم",""),IF(J53="","المسؤول",""),IF(K53="","نوع النشاط",""),IF(L53="","المشروع",""),IF(N53="","الممول",""),IF(V53="","الموضوع",""),IF(W53="","الملاحظة",""),IF(X53="","مشكلة",""),IF(Y53="","الإجراء",""),IF(Z53="","التنفيذ",""),IF(AA53="","الجودة",""),IF(AB53="","الإغلاق",""),IF(AC53="","الخصم",""),IF(AND(COUNTA($O53:$U53)>0,O53=""),"مدير المشروع",""),IF(AND(COUNTA($O53:$U53)>0,P53=""),"المستفيدين",""),IF(AND(COUNTA($O53:$U53)>0,Q53=""),"المناطق",""),IF(AND(COUNTA($O53:$U53)>0,R53=""),"الميزانية",""),IF(AND(COUNTA($O53:$U53)>0,S53=""),"نسبة الجاهزية",""),IF(AND(COUNTA($O53:$U53)>0,T53=""),"حالة الجاهزية",""),IF(AND(COUNTA($O53:$U53)>0,U53=""),"التوصيات","")),"✓"),"✓")))))))))) -> ✗ ناقص: الممول | E53: 46132 | F53: 0.57291667 | G53: الجمعية | H53: دائرة المشاريع والتسويق والإعلام | I53: قسم المشاريع | J53: أحمد إسماعيل إبراهيم حرب | K53: تفتيش ميداني | L53: توزيع أدوات منزلية | V53: متابعة توزيع فرشات — مخيم طبريا خانيونس المواصي (20 أبريل) | W53: 21 أسرة متعففة — 2 فرشة/أسرة (واحدة 3 فرشات) — أجنحة الرحمة جنوب أفريقيا — الإجمالي 59 فرشة، نُفِّذ 43 والمتبقي 16 في المخازن | X53: لا | Y53: مذكرة تذكيرية | Z53: جيد 80% | AA53: ممتاز 100% | AB53: جزئي 60% | AC53: لا خصم 0 | AD53: سمير نصار | AE53: =IFERROR(VLOOKUP(Z53,LISTS!$AL$2:$AM$1000,2,FALSE()),"") -> 80 | AF53: =IFERROR(VLOOKUP(AA53,LISTS!$AO$2:$AP$1000,2,FALSE()),"") -> 100 | AG53: =IFERROR(VLOOKUP(AB53,LISTS!$AR$2:$AS$1000,2,FALSE()),"") -> 60 | AH53: =IFERROR(VLOOKUP(AC53,LISTS!$AU$2:$AV$1000,2,FALSE()),"") -> 0 | AI53: =IF(OR(AE53="",AF53="",AG53=""),"—",IFERROR(ROUND(AE53*0.4+AF53*0.3+AG53*0.3-IF(ISNUMBER(AH53),AH53,0),1),"⚠️")) -> 80 | AJ53: =IF(AI53="—","—",IF(NOT(ISNUMBER(AI53)),"⚠️",IF(AI53>=98,"🌟 ممتاز جدًا",IF(AI53>=90,"⭐ ممتاز",IF(AI53>=75,"🟢 جيد",IF(AI53>=60,"🟡 مقبول",IF(AI53>=40,"🔴 ضعيف","🚨 خطر شديد"))))))) -> 🟢 جيد | AK53: =IF(E53="","",MONTH(E53)) -> 4 | AL53: =IF(E53="","",YEAR(E53)) -> 2026
A54: =IF(I54<>"",COUNTA($I$2:I54),"") -> 53 | B54: =IF(E54="","",CHOOSE(WEEKDAY(E54,2),"الاثنين","الثلاثاء","الأربعاء","الخميس","الجمعة","السبت","الأحد")) -> الثلاثاء | C54: {=IF(E54="","",IF(M54<>"", M54&"/"&SUMPRODUCT((M$2:M54=M54)*1)&" - "&(ROW()-2), "إداري/"&SUMPRODUCT((M$2:M54="")*1)&" - "&(ROW()-2)))} -> إداري/49 - 52 | D54: =IF(AND(G54="",H54="",I54=""),"",IF(COUNTIFS(LISTS!$A$2:$A$67,G54,LISTS!$B$2:$B$67,H54,LISTS!$C$2:$C$67,I54)=0,"✗ هرم",IF(NOT(OR(Z54="ممتاز 100%",Z54="جيد 80%",Z54="مقبول 60%",Z54="خطر 40%",Z54="")),"✗ قائمة R",IF(NOT(OR(AA54="ممتاز 100%",AA54="جيد 85%",AA54="مقبول 70%",AA54="ضعيف 50%",AA54="")),"✗ قائمة S",IF(NOT(OR(AB54="مكتمل 100%",AB54="جزئي 60%",AB54="معلق 30%",AB54="مفتوح 0%",AB54="")),"✗ قائمة T",IF(NOT(OR(AC54="لا خصم 0",AC54="تأخير −5",AC54="عجز −10",AC54="جودة −15",AC54="امتثال −20",AC54="مخالفة −25",AC54="")),"✗ قائمة U",IF(AND(X54="لا",AC54<>"",AC54<>"لا خصم 0"),"✗ خصم",IF(AND(X54="نعم",AC54="لا خصم 0"),"✗ خصم",IF(AND(Z54="ممتاز 100%",AA54="ممتاز 100%",AB54<>"",AB54<>"مكتمل 100%"),"✗ إغلاق",IFERROR(IF(LEN(_xlfn.TEXTJOIN("، ",TRUE,IF(E54="","التاريخ",""),IF(F54="","الوقت",""),IF(G54="","المركز",""),IF(H54="","الدائرة",""),IF(I54="","القسم",""),IF(J54="","المسؤول",""),IF(K54="","نوع النشاط",""),IF(L54="","المشروع",""),IF(N54="","الممول",""),IF(V54="","الموضوع",""),IF(W54="","الملاحظة",""),IF(X54="","مشكلة",""),IF(Y54="","الإجراء",""),IF(Z54="","التنفيذ",""),IF(AA54="","الجودة",""),IF(AB54="","الإغلاق",""),IF(AC54="","الخصم",""),IF(AND(COUNTA($O54:$U54)>0,O54=""),"مدير المشروع",""),IF(AND(COUNTA($O54:$U54)>0,P54=""),"المستفيدين",""),IF(AND(COUNTA($O54:$U54)>0,Q54=""),"المناطق",""),IF(AND(COUNTA($O54:$U54)>0,R54=""),"الميزانية",""),IF(AND(COUNTA($O54:$U54)>0,S54=""),"نسبة الجاهزية",""),IF(AND(COUNTA($O54:$U54)>0,T54=""),"حالة الجاهزية",""),IF(AND(COUNTA($O54:$U54)>0,U54=""),"التوصيات","")))>0,"✗ ناقص: "&_xlfn.TEXTJOIN("، ",TRUE,IF(E54="","التاريخ",""),IF(F54="","الوقت",""),IF(G54="","المركز",""),IF(H54="","الدائرة",""),IF(I54="","القسم",""),IF(J54="","المسؤول",""),IF(K54="","نوع النشاط",""),IF(L54="","المشروع",""),IF(N54="","الممول",""),IF(V54="","الموضوع",""),IF(W54="","الملاحظة",""),IF(X54="","مشكلة",""),IF(Y54="","الإجراء",""),IF(Z54="","التنفيذ",""),IF(AA54="","الجودة",""),IF(AB54="","الإغلاق",""),IF(AC54="","الخصم",""),IF(AND(COUNTA($O54:$U54)>0,O54=""),"مدير المشروع",""),IF(AND(COUNTA($O54:$U54)>0,P54=""),"المستفيدين",""),IF(AND(COUNTA($O54:$U54)>0,Q54=""),"المناطق",""),IF(AND(COUNTA($O54:$U54)>0,R54=""),"الميزانية",""),IF(AND(COUNTA($O54:$U54)>0,S54=""),"نسبة الجاهزية",""),IF(AND(COUNTA($O54:$U54)>0,T54=""),"حالة الجاهزية",""),IF(AND(COUNTA($O54:$U54)>0,U54=""),"التوصيات","")),"✓"),"✓")))))))))) -> ✗ ناقص: المسؤول | E54: 46133 | F54: 0.47916667 | G54: الجمعية | H54: دائرة المشاريع والتسويق والإعلام | I54: مكتب دير البلح | K54: تفتيش ميداني | L54: الرغيف الخيري | N54: مؤسسة المناصرة الأردنية | V54: متابعة الرغيف الخيري — النصيرات مخيم سلام (21 أبريل) | W54: 200 ربطة(1ك) — مخيم سلام النصيرات — مخبز زادنا | X54: لا | Y54: مذكرة تذكيرية | Z54: ممتاز 100% | AA54: ممتاز 100% | AB54: مكتمل 100% | AC54: لا خصم 0 | AD54: سمير نصار | AE54: =IFERROR(VLOOKUP(Z54,LISTS!$AL$2:$AM$1000,2,FALSE()),"") -> 100 | AF54: =IFERROR(VLOOKUP(AA54,LISTS!$AO$2:$AP$1000,2,FALSE()),"") -> 100 | AG54: =IFERROR(VLOOKUP(AB54,LISTS!$AR$2:$AS$1000,2,FALSE()),"") -> 100 | AH54: =IFERROR(VLOOKUP(AC54,LISTS!$AU$2:$AV$1000,2,FALSE()),"") -> 0 | AI54: =IF(OR(AE54="",AF54="",AG54=""),"—",IFERROR(ROUND(AE54*0.4+AF54*0.3+AG54*0.3-IF(ISNUMBER(AH54),AH54,0),1),"⚠️")) -> 100 | AJ54: =IF(AI54="—","—",IF(NOT(ISNUMBER(AI54)),"⚠️",IF(AI54>=98,"🌟 ممتاز جدًا",IF(AI54>=90,"⭐ ممتاز",IF(AI54>=75,"🟢 جيد",IF(AI54>=60,"🟡 مقبول",IF(AI54>=40,"🔴 ضعيف","🚨 خطر شديد"))))))) -> 🌟 ممتاز جدًا | AK54: =IF(E54="","",MONTH(E54)) -> 4 | AL54: =IF(E54="","",YEAR(E54)) -> 2026
A55: =IF(I55<>"",COUNTA($I$2:I55),"") -> 54 | B55: =IF(E55="","",CHOOSE(WEEKDAY(E55,2),"الاثنين","الثلاثاء","الأربعاء","الخميس","الجمعة","السبت","الأحد")) -> الثلاثاء | C55: {=IF(E55="","",IF(M55<>"", M55&"/"&SUMPRODUCT((M$2:M55=M55)*1)&" - "&(ROW()-2), "إداري/"&SUMPRODUCT((M$2:M55="")*1)&" - "&(ROW()-2)))} -> إداري/50 - 53 | D55: =IF(AND(G55="",H55="",I55=""),"",IF(COUNTIFS(LISTS!$A$2:$A$67,G55,LISTS!$B$2:$B$67,H55,LISTS!$C$2:$C$67,I55)=0,"✗ هرم",IF(NOT(OR(Z55="ممتاز 100%",Z55="جيد 80%",Z55="مقبول 60%",Z55="خطر 40%",Z55="")),"✗ قائمة R",IF(NOT(OR(AA55="ممتاز 100%",AA55="جيد 85%",AA55="مقبول 70%",AA55="ضعيف 50%",AA55="")),"✗ قائمة S",IF(NOT(OR(AB55="مكتمل 100%",AB55="جزئي 60%",AB55="معلق 30%",AB55="مفتوح 0%",AB55="")),"✗ قائمة T",IF(NOT(OR(AC55="لا خصم 0",AC55="تأخير −5",AC55="عجز −10",AC55="جودة −15",AC55="امتثال −20",AC55="مخالفة −25",AC55="")),"✗ قائمة U",IF(AND(X55="لا",AC55<>"",AC55<>"لا خصم 0"),"✗ خصم",IF(AND(X55="نعم",AC55="لا خصم 0"),"✗ خصم",IF(AND(Z55="ممتاز 100%",AA55="ممتاز 100%",AB55<>"",AB55<>"مكتمل 100%"),"✗ إغلاق",IFERROR(IF(LEN(_xlfn.TEXTJOIN("، ",TRUE,IF(E55="","التاريخ",""),IF(F55="","الوقت",""),IF(G55="","المركز",""),IF(H55="","الدائرة",""),IF(I55="","القسم",""),IF(J55="","المسؤول",""),IF(K55="","نوع النشاط",""),IF(L55="","المشروع",""),IF(N55="","الممول",""),IF(V55="","الموضوع",""),IF(W55="","الملاحظة",""),IF(X55="","مشكلة",""),IF(Y55="","الإجراء",""),IF(Z55="","التنفيذ",""),IF(AA55="","الجودة",""),IF(AB55="","الإغلاق",""),IF(AC55="","الخصم",""),IF(AND(COUNTA($O55:$U55)>0,O55=""),"مدير المشروع",""),IF(AND(COUNTA($O55:$U55)>0,P55=""),"المستفيدين",""),IF(AND(COUNTA($O55:$U55)>0,Q55=""),"المناطق",""),IF(AND(COUNTA($O55:$U55)>0,R55=""),"الميزانية",""),IF(AND(COUNTA($O55:$U55)>0,S55=""),"نسبة الجاهزية",""),IF(AND(COUNTA($O55:$U55)>0,T55=""),"حالة الجاهزية",""),IF(AND(COUNTA($O55:$U55)>0,U55=""),"التوصيات","")))>0,"✗ ناقص: "&_xlfn.TEXTJOIN("، ",TRUE,IF(E55="","التاريخ",""),IF(F55="","الوقت",""),IF(G55="","المركز",""),IF(H55="","الدائرة",""),IF(I55="","القسم",""),IF(J55="","المسؤول",""),IF(K55="","نوع النشاط",""),IF(L55="","المشروع",""),IF(N55="","الممول",""),IF(V55="","الموضوع",""),IF(W55="","الملاحظة",""),IF(X55="","مشكلة",""),IF(Y55="","الإجراء",""),IF(Z55="","التنفيذ",""),IF(AA55="","الجودة",""),IF(AB55="","الإغلاق",""),IF(AC55="","الخصم",""),IF(AND(COUNTA($O55:$U55)>0,O55=""),"مدير المشروع",""),IF(AND(COUNTA($O55:$U55)>0,P55=""),"المستفيدين",""),IF(AND(COUNTA($O55:$U55)>0,Q55=""),"المناطق",""),IF(AND(COUNTA($O55:$U55)>0,R55=""),"الميزانية",""),IF(AND(COUNTA($O55:$U55)>0,S55=""),"نسبة الجاهزية",""),IF(AND(COUNTA($O55:$U55)>0,T55=""),"حالة الجاهزية",""),IF(AND(COUNTA($O55:$U55)>0,U55=""),"التوصيات","")),"✓"),"✓")))))))))) -> ✗ ناقص: الممول | E55: 46133 | F55: 0.50694444 | G55: الجمعية | H55: دائرة المشاريع والتسويق والإعلام | I55: مكتب الزوايدة | J55: بسام محمد حميدان الخطيب | K55: جودة خدمة | L55: وجبات ساخنة | V55: متابعة وجبات مطبخ البركة — الزوايدة (21 أبريل) | W55: 200 وجبة مجوز رز+لحمة شقف — إيواء ابن رشد(180)، عزاء شهيد(20) — جودة ممتازة — ملاحظة: وصول متأخر الساعة 14:30 — طُلبت متابعة سبب التأخير | X55: نعم | Y55: إشعار رسمي | Z55: ممتاز 100% | AA55: ممتاز 100% | AB55: مكتمل 100% | AC55: تأخير −5 | AD55: سمير نصار | AE55: =IFERROR(VLOOKUP(Z55,LISTS!$AL$2:$AM$1000,2,FALSE()),"") -> 100 | AF55: =IFERROR(VLOOKUP(AA55,LISTS!$AO$2:$AP$1000,2,FALSE()),"") -> 100 | AG55: =IFERROR(VLOOKUP(AB55,LISTS!$AR$2:$AS$1000,2,FALSE()),"") -> 100 | AH55: =IFERROR(VLOOKUP(AC55,LISTS!$AU$2:$AV$1000,2,FALSE()),"") -> 5 | AI55: =IF(OR(AE55="",AF55="",AG55=""),"—",IFERROR(ROUND(AE55*0.4+AF55*0.3+AG55*0.3-IF(ISNUMBER(AH55),AH55,0),1),"⚠️")) -> 95 | AJ55: =IF(AI55="—","—",IF(NOT(ISNUMBER(AI55)),"⚠️",IF(AI55>=98,"🌟 ممتاز جدًا",IF(AI55>=90,"⭐ ممتاز",IF(AI55>=75,"🟢 جيد",IF(AI55>=60,"🟡 مقبول",IF(AI55>=40,"🔴 ضعيف","🚨 خطر شديد"))))))) -> ⭐ ممتاز | AK55: =IF(E55="","",MONTH(E55)) -> 4 | AL55: =IF(E55="","",YEAR(E55)) -> 2026
